Date,CustomerID,user_account_balance_last,user_spendings,calls_outgoing_count,calls_outgoing_spendings,calls_outgoing_duration,calls_outgoing_spending_max,calls_outgoing_duration_max,calls_outgoing_to_offnet_spendings ,calls_outgoing_to_offnet_duration ,sms_outgoing_count ,sms_outgoing_spendings ,sms_incoming_count 
Jan-2022,101,5.34,16.98,20,6.19,39.92,1.11,5.38,3.94,33.07,79,7.57,14
Feb-2022,101,1.15,10.59,20,3.0,7.52,0.29,0.57,3.03,20.98,27,2.58,1
Mar-2022,101,1.21,14.37,50,14.95,96.96,2.14,11.76,6.24,52.54,84,6.66,10
Apr-2022,101,24.44,13.79,135,12.58,136.11,2.58,21.02,8.92,69.83,77,5.61,27
May-2022,101,6.87,18.94,55,10.0,64.28,1.6,7.64,3.13,20.7,115,10.68,14
Jun-2022,101,21.27,16.55,31,14.43,69.37,2.45,6.62,7.02,56.86,66,4.14,13
Jul-2022,101,41.51,2.68,106,14.14,93.06,2.78,14.25,8.5,66.44,15,2.34,11
Aug-2022,101,11.31,21.26,66,17.93,90.53,2.21,6.34,7.43,57.5,133,7.12,22
Sep-2022,101,0.6,9.14,68,5.39,58.04,1.08,7.26,6.28,55.53,56,2.6,10
Oct-2022,101,46.9,17.29,87,22.33,122.11,3.59,13.92,16.38,130.17,122,10.02,34
Nov-2022,101,13.6,9.83,74,15.41,48.52,3.05,5.33,6.53,39.34,127,13.48,23
Dec-2022,101,9.79,24.02,76,9.51,53.75,1.07,4.56,6.0,47.06,218,16.12,8
Jan-2022,102,14.09,19.03,8,0.89,10.51,0.15,2.05,1.07,8.21,5,0.25,3
Feb-2022,102,19.17,5.85,106,13.52,96.03,1.87,10.11,8.12,68.46,86,4.54,17
Mar-2022,102,7.49,3.68,63,10.63,50.32,1.58,5.2,6.55,52.38,9,1.03,6
Apr-2022,102,26.24,22.19,93,13.78,110.69,2.28,11.69,8.33,69.17,113,9.45,20
May-2022,102,18.9,11.07,17,2.05,10.85,0.39,0.92,0.6,7.44,2,0.51,2
Jun-2022,102,29.85,21.53,175,20.73,162.88,3.35,20.04,11.34,95.55,203,16.37,22
Jul-2022,102,6.11,18.49,7,0.27,7.31,0.03,1.51,0.31,2.74,2,0.18,15
Aug-2022,102,19.33,6.25,56,4.84,27.21,0.98,3.75,1.06,10.59,12,2.66,14
Sep-2022,102,28.17,13.31,102,11.85,65.35,1.94,7.32,7.38,59.07,74,4.37,15
Oct-2022,102,21.07,20.86,8,1.98,17.48,0.35,3.38,2.41,17.45,59,4.32,11
Nov-2022,102,9.78,9.86,22,10.28,53.44,2.14,6.99,6.52,55.8,106,8.28,19
Dec-2022,102,11.54,12.41,46,9.55,57.47,1.16,5.45,7.86,59.5,122,11.45,10
Jan-2022,103,0.84,25.7,38,11.39,38.67,1.4,3.11,4.54,35.32,35,4.56,5
Feb-2022,103,18.2,11.17,83,9.73,63.31,2.09,9.66,6.69,54.87,79,8.15,21
Mar-2022,103,13.64,2.66,77,7.03,45.12,1.24,7.13,3.38,30.46,176,11.85,18
Apr-2022,103,27.42,2.84,87,5.44,48.79,1.26,8.45,2.7,28.17,70,5.05,13
May-2022,103,4.21,7.73,29,9.97,53.54,1.49,7.18,5.77,43.11,30,3.04,10
Jun-2022,103,57.71,15.73,146,24.81,134.36,4.44,16.5,12.51,92.86,167,12.68,32
Jul-2022,103,10.81,8.66,90,4.79,42.83,0.56,3.19,3.68,29.28,117,8.17,9
Aug-2022,103,24.7,13.23,58,28.1,139.5,4.99,17.68,16.15,128.87,159,8.59,19
Sep-2022,103,30.7,25.58,117,19.15,112.48,3.85,13.51,10.58,75.89,188,12.39,27
Oct-2022,103,29.87,10.55,69,9.22,69.9,1.83,9.84,5.02,45.46,91,6.37,8
Nov-2022,103,1.78,4.49,9,7.22,27.47,0.9,2.5,8.93,63.9,60,5.62,2
Dec-2022,103,15.16,22.56,54,9.9,68.85,1.53,8.76,4.04,28.07,88,6.25,17
Jan-2022,104,10.87,13.0,9,4.61,12.16,0.64,0.77,6.73,55.14,43,3.56,3
Feb-2022,104,13.79,9.87,10,1.82,24.14,0.32,2.3,1.92,20.56,49,5.27,5
Mar-2022,104,13.48,16.85,54,5.71,50.32,1.95,9.96,1.35,14.24,18,2.0,21
Apr-2022,104,23.0,3.17,125,9.1,60.46,1.67,8.31,3.83,28.41,74,6.07,9
May-2022,104,22.89,12.97,101,10.11,72.42,2.15,11.1,6.15,41.85,88,4.04,25
Jun-2022,104,0.61,16.65,29,1.58,6.17,0.43,0.55,0.91,6.62,2,0.08,5
Jul-2022,104,6.35,33.38,167,21.36,104.0,3.61,10.74,10.96,78.39,44,2.35,2
Aug-2022,104,16.42,0.26,34,2.87,21.91,0.67,3.84,1.23,15.3,34,3.8,7
Sep-2022,104,9.53,2.56,37,2.05,16.92,0.21,0.88,2.72,25.85,139,15.25,13
Oct-2022,104,6.4,20.85,1,0.37,2.41,0.23,1.21,0.23,2.06,10,0.52,7
Nov-2022,104,19.18,13.52,125,10.0,76.87,1.0,6.5,7.77,57.22,90,3.98,28
Dec-2022,104,36.5,11.79,24,2.07,21.55,0.48,3.44,1.52,9.38,50,4.38,2
Jan-2022,105,5.68,2.21,61,6.49,35.81,1.36,4.35,4.76,34.01,111,10.12,3
Feb-2022,105,5.75,10.68,103,7.57,71.99,0.82,9.1,7.94,61.3,140,8.57,8
Mar-2022,105,2.1,2.16,32,5.67,39.85,0.85,5.22,1.59,14.39,16,0.56,4
Apr-2022,105,18.41,5.22,125,12.18,103.76,2.39,14.25,4.65,45.05,35,1.67,25
May-2022,105,16.93,4.53,62,6.68,39.97,1.4,6.25,5.33,40.17,37,4.3,13
Jun-2022,105,19.76,0.23,86,7.72,70.05,1.11,10.29,6.68,41.02,154,10.86,28
Jul-2022,105,2.96,7.39,2,1.76,8.09,0.32,0.82,0.35,4.03,20,1.27,1
Aug-2022,105,4.59,13.38,38,5.21,34.4,0.66,3.46,1.87,12.41,112,11.82,11
Sep-2022,105,33.68,0.04,113,13.5,93.22,2.68,14.09,9.1,76.31,82,5.67,21
Oct-2022,105,7.75,15.07,30,2.12,20.68,0.18,2.41,2.9,21.72,53,1.24,2
Nov-2022,105,18.56,1.16,3,1.56,10.49,0.34,1.86,1.06,8.16,80,5.02,7
Dec-2022,105,1.03,22.41,10,0.14,0.97,0.02,0.12,0.6,5.39,5,1.94,9
Jan-2022,106,6.91,13.8,12,1.26,8.17,0.52,2.95,0.85,5.95,7,0.71,1
Feb-2022,106,0.26,0.61,1,0.51,0.67,0.05,0.02,0.66,3.97,1,0.1,0
Mar-2022,106,19.38,8.61,106,17.31,108.51,3.2,16.31,12.35,84.44,152,13.1,17
Apr-2022,106,17.73,2.57,52,6.14,34.96,1.28,6.03,2.85,26.42,35,4.52,17
May-2022,106,15.38,3.28,26,6.83,10.96,1.29,1.25,3.34,19.17,56,3.34,3
Jun-2022,106,20.08,10.65,30,2.58,20.61,0.51,3.08,1.99,12.72,38,4.14,6
Jul-2022,106,16.49,23.56,98,12.09,89.8,1.2,5.16,4.77,36.91,49,3.38,25
Aug-2022,106,7.61,2.02,12,0.17,1.45,0.01,0.1,0.25,1.89,2,0.1,0
Sep-2022,106,5.96,4.54,11,1.39,5.54,0.24,0.99,1.15,5.33,13,2.11,2
Oct-2022,106,50.99,0.3,122,18.42,130.08,3.82,19.06,9.99,75.15,135,11.32,24
Nov-2022,106,23.61,11.82,88,12.65,80.32,2.81,11.14,5.82,44.34,199,18.8,18
Dec-2022,106,0.67,9.36,45,4.3,24.01,1.14,3.92,1.42,11.28,89,5.03,18
Jan-2022,107,21.27,11.43,46,11.63,49.81,1.96,6.12,4.54,38.12,31,2.38,6
Feb-2022,107,4.95,2.09,1,1.56,2.92,0.3,0.36,0.11,0.74,8,0.58,6
Mar-2022,107,5.07,13.77,36,4.61,16.92,0.65,1.43,2.77,27.53,5,1.05,2
Apr-2022,107,32.1,13.35,5,2.52,26.45,0.82,6.86,2.14,14.75,40,0.88,8
May-2022,107,50.71,32.7,149,31.91,204.62,5.73,27.13,16.41,122.53,325,25.52,43
Jun-2022,107,24.27,31.43,184,25.74,157.77,4.58,20.66,13.24,104.63,159,10.08,48
Jul-2022,107,22.35,24.7,36,0.65,20.5,0.14,3.63,0.48,4.72,68,3.57,8
Aug-2022,107,13.16,15.61,91,21.66,106.39,3.85,15.02,10.06,70.13,74,10.89,27
Sep-2022,107,3.0,9.04,2,0.92,3.88,0.3,1.21,0.32,2.6,5,0.61,1
Oct-2022,107,29.89,18.66,94,18.14,88.72,2.98,9.78,13.44,92.33,201,14.16,18
Nov-2022,107,18.24,10.38,41,6.32,48.56,0.94,6.95,4.28,29.95,52,3.4,7
Dec-2022,107,22.33,14.47,20,8.04,38.05,1.29,4.28,4.44,31.13,35,4.82,5
Jan-2022,108,18.38,19.82,120,13.74,96.94,2.42,12.91,9.25,64.25,231,22.29,30
Feb-2022,108,6.35,24.17,157,14.58,90.71,1.43,7.5,8.36,68.52,83,7.48,4
Mar-2022,108,33.01,33.1,106,12.92,75.14,1.63,6.06,4.39,35.73,50,2.17,22
Apr-2022,108,4.65,3.4,24,5.15,36.06,0.82,4.84,2.82,29.1,65,2.26,18
May-2022,108,19.84,9.52,34,9.49,81.73,1.18,10.32,6.95,64.3,86,4.44,10
Jun-2022,108,19.85,0.03,70,15.65,91.97,2.5,12.77,10.7,80.22,109,6.6,29
Jul-2022,108,19.43,8.77,45,3.64,29.27,0.75,4.52,3.84,25.36,37,2.15,13
Aug-2022,108,25.63,25.12,71,22.05,88.21,2.74,8.78,13.68,96.74,62,6.02,17
Sep-2022,108,7.79,13.33,3,0.83,3.35,0.31,0.77,0.34,4.09,21,3.71,1
Oct-2022,108,31.64,18.92,190,26.38,153.21,4.4,18.21,18.91,140.07,81,5.11,29
Nov-2022,108,17.02,3.98,93,16.96,75.9,2.57,8.3,10.79,70.24,115,10.0,13
Dec-2022,108,10.5,3.07,15,5.23,18.05,0.59,1.31,6.33,41.5,54,3.0,11
Jan-2022,109,20.08,13.74,66,9.32,50.16,1.62,6.29,7.98,58.59,109,8.81,10
Feb-2022,109,7.82,3.98,7,2.36,20.79,0.32,2.51,2.18,16.9,8,1.62,11
Mar-2022,109,15.84,9.52,76,8.3,50.15,1.42,5.54,6.59,46.46,98,8.43,9
Apr-2022,109,17.09,1.12,26,5.77,44.61,1.29,6.39,2.42,18.55,46,3.01,12
May-2022,109,16.23,18.32,118,14.65,96.69,2.11,10.3,9.28,69.46,163,6.94,14
Jun-2022,109,8.82,27.42,31,9.5,47.4,1.49,5.87,3.22,24.91,34,1.92,21
Jul-2022,109,1.86,15.46,1,0.37,2.54,0.12,0.37,0.25,1.55,6,0.34,0
Aug-2022,109,35.76,30.85,85,18.06,131.82,3.33,16.9,10.0,82.59,331,27.14,26
Sep-2022,109,23.21,27.3,71,10.36,92.41,1.14,10.04,7.31,53.36,168,5.51,15
Oct-2022,109,27.34,26.03,130,18.64,108.9,3.18,14.51,8.01,55.64,114,7.74,27
Nov-2022,109,23.45,25.07,71,13.4,82.86,1.37,8.91,10.12,72.14,121,7.87,15
Dec-2022,109,6.21,3.17,43,10.57,68.4,1.85,8.37,5.83,49.63,90,10.5,9
Jan-2022,110,35.27,13.54,31,6.08,32.44,1.88,7.22,3.09,28.78,29,1.63,12
Feb-2022,110,18.63,3.48,24,6.83,37.98,1.13,5.12,3.55,30.44,155,6.85,15
Mar-2022,110,42.9,17.36,114,26.36,175.72,4.43,19.66,16.72,124.2,134,8.25,36
Apr-2022,110,27.04,8.44,85,12.08,88.36,1.25,7.04,8.9,73.05,50,2.0,13
May-2022,110,16.0,11.56,117,22.94,123.63,4.06,14.23,10.81,79.11,146,11.6,34
Jun-2022,110,12.91,2.18,23,9.09,35.11,1.8,5.01,5.29,48.03,52,8.68,8
Jul-2022,110,27.08,7.37,120,21.67,133.1,2.91,13.42,18.62,146.81,90,6.85,33
Aug-2022,110,20.56,12.66,87,14.31,112.33,2.22,11.25,7.14,59.18,95,7.69,20
Sep-2022,110,23.1,6.01,70,7.87,67.92,1.41,8.08,3.69,32.42,43,2.99,15
Oct-2022,110,19.3,13.16,29,11.74,56.31,2.6,11.53,5.76,43.35,84,6.69,10
Nov-2022,110,9.38,7.83,88,12.28,78.9,1.87,11.04,7.84,59.25,37,2.91,19
Dec-2022,110,16.4,9.71,27,4.12,24.72,0.85,4.38,1.15,9.79,46,4.08,18
Jan-2022,111,31.3,16.58,94,19.63,111.81,2.8,12.51,12.29,91.54,120,7.81,22
Feb-2022,111,50.85,18.98,130,16.37,118.75,3.04,14.97,8.07,59.97,240,23.12,40
Mar-2022,111,12.9,27.02,103,9.52,62.46,1.59,6.63,4.47,39.49,118,10.77,20
Apr-2022,111,1.99,12.5,1,0.57,2.51,0.11,0.31,0.97,9.09,10,1.73,2
May-2022,111,28.03,3.66,86,13.84,100.79,1.49,9.4,7.85,62.46,67,7.28,8
Jun-2022,111,14.98,21.1,49,6.59,40.24,1.17,4.99,3.31,27.82,126,16.45,12
Jul-2022,111,2.9,0.13,18,0.98,5.44,0.4,1.94,0.99,8.05,56,4.78,10
Aug-2022,111,2.14,15.18,75,10.36,59.77,1.48,6.49,3.81,27.43,121,11.01,15
Sep-2022,111,9.05,18.85,33,2.84,8.19,0.45,0.83,1.93,10.79,100,6.91,19
Oct-2022,111,36.2,21.94,135,25.4,190.14,4.6,25.29,14.32,122.09,121,9.17,31
Nov-2022,111,19.44,29.68,146,19.3,100.1,2.62,8.65,13.53,93.83,95,5.85,31
Dec-2022,111,12.57,5.53,21,3.34,36.69,0.77,4.43,1.18,11.41,23,4.09,16
Jan-2022,112,1.78,6.97,7,0.31,6.34,0.05,0.74,1.24,9.8,89,6.53,3
Feb-2022,112,13.31,33.43,67,10.36,63.58,1.13,5.26,3.87,31.64,143,9.96,15
Mar-2022,112,35.81,2.48,136,18.97,134.91,2.87,15.33,13.21,103.15,158,8.11,32
Apr-2022,112,39.72,0.5,55,7.1,66.26,1.21,7.26,8.01,74.93,110,7.23,8
May-2022,112,12.98,16.04,45,4.78,39.19,1.3,7.03,0.36,3.44,76,6.97,10
Jun-2022,112,37.8,28.06,161,34.97,216.55,6.47,30.97,17.9,131.83,157,15.08,41
Jul-2022,112,7.56,11.78,5,1.98,8.93,0.34,1.11,1.69,13.28,75,6.13,5
Aug-2022,112,8.71,4.26,42,8.78,67.23,1.63,11.01,3.94,33.89,15,0.41,5
Sep-2022,112,10.83,6.17,27,2.13,20.8,0.28,2.12,1.15,5.76,110,3.95,8
Oct-2022,112,11.7,3.55,6,1.18,7.33,0.29,1.5,0.43,2.54,17,1.7,6
Nov-2022,112,35.29,15.8,34,6.52,41.42,1.1,5.4,6.6,48.37,62,6.47,23
Dec-2022,112,4.57,3.71,23,5.49,26.57,0.51,1.98,3.72,24.53,6,1.34,2
Jan-2022,113,5.18,4.36,56,6.77,69.24,1.07,8.64,1.91,13.85,88,8.17,22
Feb-2022,113,20.92,13.54,86,11.36,82.44,2.07,11.53,7.8,59.66,55,4.5,5
Mar-2022,113,6.0,18.45,80,13.1,89.91,1.47,9.47,8.12,59.14,55,5.27,10
Apr-2022,113,8.27,0.57,7,3.31,10.17,0.65,1.5,0.53,4.55,2,0.29,0
May-2022,113,4.87,18.26,6,1.21,3.45,0.35,0.7,0.62,4.65,36,1.47,3
Jun-2022,113,6.0,4.44,22,2.96,16.3,0.9,3.04,1.0,8.05,6,0.23,6
Jul-2022,113,6.16,16.5,14,1.95,12.96,0.41,1.4,1.37,8.11,47,5.67,6
Aug-2022,113,16.68,16.69,54,8.91,61.73,2.17,10.55,4.11,36.81,10,0.98,11
Sep-2022,113,13.99,4.63,66,3.95,24.7,1.01,2.62,1.55,10.58,76,3.91,16
Oct-2022,113,25.23,2.19,59,11.75,93.59,2.11,12.45,5.93,50.36,28,2.88,21
Nov-2022,113,26.45,1.35,141,20.0,140.05,3.34,17.68,13.3,96.53,64,6.11,22
Dec-2022,113,8.63,5.96,81,3.27,36.72,0.7,5.45,4.3,28.44,102,5.34,19
Jan-2022,114,16.13,6.5,14,1.33,19.42,0.24,2.86,0.78,6.85,18,1.88,4
Feb-2022,114,44.68,14.54,85,23.44,127.16,4.73,18.28,11.47,90.45,121,9.46,21
Mar-2022,114,21.47,27.63,82,11.19,57.78,1.47,5.12,6.66,47.25,92,8.5,9
Apr-2022,114,24.86,40.12,167,22.82,169.07,2.58,14.41,11.95,97.95,78,5.48,25
May-2022,114,29.17,4.84,62,9.88,81.71,1.94,11.24,9.59,69.08,83,9.71,31
Jun-2022,114,39.04,29.44,157,26.77,181.59,5.11,24.38,16.09,138.7,212,10.02,36
Jul-2022,114,21.11,26.35,51,11.06,66.73,1.54,6.51,5.06,44.68,160,14.9,8
Aug-2022,114,43.16,1.03,59,14.02,97.67,2.44,13.89,9.74,71.81,85,7.78,19
Sep-2022,114,11.78,12.32,87,9.29,65.29,1.33,6.61,3.38,28.14,38,2.42,17
Oct-2022,114,10.41,5.59,79,8.38,69.34,2.39,13.16,1.05,6.51,113,9.17,25
Nov-2022,114,22.77,7.0,81,11.71,67.58,1.64,9.38,7.12,56.12,130,10.14,22
Dec-2022,114,23.6,13.11,92,18.82,82.23,3.5,11.1,11.83,95.43,177,15.23,32
Jan-2022,115,8.05,13.78,17,1.81,17.13,0.26,1.58,2.12,16.25,39,0.97,3
Feb-2022,115,58.55,19.63,223,33.4,228.79,5.91,31.66,18.0,135.9,244,12.52,56
Mar-2022,115,16.86,17.69,36,12.66,67.12,2.55,9.56,3.0,25.06,96,11.27,15
Apr-2022,115,7.09,16.14,22,5.31,26.73,0.63,3.05,4.59,35.09,7,0.29,6
May-2022,115,0.35,26.82,21,10.24,53.53,1.86,7.76,10.08,76.18,96,7.77,11
Jun-2022,115,13.01,20.41,28,9.84,41.31,2.13,8.05,7.71,49.71,100,12.36,12
Jul-2022,115,3.16,11.77,69,13.16,54.86,2.57,7.25,8.12,58.03,91,8.86,3
Aug-2022,115,38.79,1.14,100,7.98,71.54,1.71,13.49,4.93,42.21,80,6.67,29
Sep-2022,115,4.65,0.46,10,2.43,23.52,0.52,3.52,3.22,25.18,109,8.01,7
Oct-2022,115,11.83,23.24,96,17.09,79.48,2.31,9.31,11.44,81.24,38,2.97,9
Nov-2022,115,15.57,16.1,65,9.69,54.24,1.12,3.74,2.73,19.62,74,3.1,13
Dec-2022,115,19.2,10.12,60,8.85,57.82,1.74,10.07,5.52,33.92,74,4.05,25
Jan-2022,116,7.16,11.56,45,8.57,62.52,1.25,7.36,5.76,51.13,34,1.97,6
Feb-2022,116,12.65,3.13,44,6.68,40.62,1.14,6.17,5.43,35.4,53,1.96,13
Mar-2022,116,14.99,25.45,71,9.62,63.69,0.87,3.73,5.73,47.06,91,6.9,6
Apr-2022,116,26.05,18.46,86,21.47,111.33,3.68,14.35,8.83,70.34,98,8.26,22
May-2022,116,28.58,13.13,54,12.89,59.33,2.15,7.2,9.89,67.32,139,13.01,13
Jun-2022,116,7.29,14.56,15,0.79,4.12,0.16,0.72,0.61,7.12,3,0.32,3
Jul-2022,116,6.18,9.85,69,3.76,34.42,0.65,3.65,3.79,31.12,67,4.42,10
Aug-2022,116,53.09,2.36,139,21.16,166.09,3.7,25.11,17.01,122.17,177,12.0,36
Sep-2022,116,3.13,8.75,16,0.77,5.48,0.03,0.18,2.43,18.83,56,5.65,2
Oct-2022,116,33.26,29.64,115,12.11,77.99,1.89,10.22,8.47,67.41,220,18.41,28
Nov-2022,116,21.54,0.88,80,5.71,43.88,0.9,4.77,3.28,26.75,88,5.34,20
Dec-2022,116,20.59,7.11,32,19.3,102.38,3.49,11.17,15.31,118.78,49,2.94,6
Jan-2022,117,25.14,7.36,144,20.3,105.24,3.96,15.9,7.96,52.67,166,12.16,38
Feb-2022,117,6.99,20.72,122,6.89,66.51,1.27,8.61,2.85,23.77,244,20.44,32
Mar-2022,117,39.7,7.57,73,8.09,73.23,1.01,7.62,6.93,53.37,228,18.33,28
Apr-2022,117,31.05,14.59,90,3.73,52.25,0.73,8.14,3.79,34.84,131,10.57,24
May-2022,117,18.48,3.13,34,2.89,16.27,0.5,1.31,1.75,9.57,44,1.76,3
Jun-2022,117,16.52,24.69,50,9.17,49.81,1.38,5.68,4.93,31.7,102,8.9,10
Jul-2022,117,11.62,3.54,29,5.47,37.82,1.24,5.79,4.86,39.1,54,4.27,10
Aug-2022,117,46.98,1.3,22,10.39,48.25,2.8,10.78,7.9,60.56,80,7.29,26
Sep-2022,117,15.98,14.41,116,8.65,81.37,1.09,6.93,10.57,87.1,89,6.59,13
Oct-2022,117,2.21,2.26,23,0.71,4.62,0.15,0.25,0.36,4.37,1,0.18,0
Nov-2022,117,8.28,17.26,48,11.56,53.19,1.15,3.86,8.72,66.36,66,4.64,15
Dec-2022,117,11.77,12.31,151,15.83,96.09,2.18,8.2,10.44,85.98,138,9.49,25
Jan-2022,118,16.13,9.31,42,11.39,62.12,2.12,8.53,5.41,36.71,166,15.56,8
Feb-2022,118,45.09,7.05,31,1.28,20.92,0.08,0.89,1.5,13.7,48,3.49,20
Mar-2022,118,39.41,42.18,185,27.76,175.56,5.03,24.99,10.14,73.28,299,19.71,51
Apr-2022,118,24.28,1.58,23,2.47,5.38,0.49,0.98,1.6,10.39,49,5.34,0
May-2022,118,13.63,29.28,86,16.47,90.49,3.6,12.81,8.43,60.33,107,9.11,12
Jun-2022,118,15.33,1.89,59,8.28,33.61,1.73,3.54,3.77,31.57,215,13.9,20
Jul-2022,118,13.74,10.17,35,7.29,37.64,1.28,4.81,6.99,49.9,66,6.3,10
Aug-2022,118,24.43,7.98,75,11.58,125.42,1.82,15.75,6.89,54.13,63,4.41,26
Sep-2022,118,51.03,2.45,122,11.48,78.73,2.04,11.04,9.11,65.3,98,7.06,32
Oct-2022,118,16.29,16.11,16,10.56,32.72,1.86,4.58,5.47,45.98,61,7.35,4
Nov-2022,118,18.37,5.97,34,5.46,28.29,0.75,3.9,1.9,15.64,16,0.5,12
Dec-2022,118,18.94,4.96,46,2.87,20.89,0.48,2.47,4.01,33.75,54,6.73,11
Jan-2022,119,9.31,7.85,17,5.07,20.05,0.74,2.32,2.35,17.08,29,0.61,9
Feb-2022,119,4.85,17.35,59,7.93,65.26,1.32,8.38,7.84,52.18,11,0.1,2
Mar-2022,119,4.03,19.25,23,4.56,20.81,0.97,3.46,1.7,18.58,9,1.26,3
Apr-2022,119,8.04,4.65,39,4.84,21.8,1.4,4.91,3.2,21.95,72,5.81,9
May-2022,119,7.68,9.78,49,7.53,43.26,1.38,5.15,2.85,26.07,111,10.2,14
Jun-2022,119,4.18,2.45,73,17.9,73.54,3.12,9.41,12.7,92.62,77,6.99,16
Jul-2022,119,8.06,5.72,12,2.43,6.47,0.64,0.85,0.79,6.07,91,6.98,14
Aug-2022,119,5.65,17.7,6,3.22,8.52,0.4,1.0,2.74,15.97,9,1.23,1
Sep-2022,119,9.76,14.41,79,18.93,77.01,3.52,9.44,7.29,54.21,86,6.5,22
Oct-2022,119,9.16,15.8,133,20.13,136.13,2.91,16.41,11.16,85.16,97,6.67,13
Nov-2022,119,8.4,19.9,47,12.86,77.85,1.53,10.05,10.46,83.72,83,6.89,15
Dec-2022,119,18.0,6.09,4,1.68,11.86,0.38,1.9,0.96,9.79,29,3.75,9
Jan-2022,120,2.13,19.51,26,9.84,52.77,1.49,4.39,3.79,32.59,21,2.67,12
Feb-2022,120,26.61,0.07,59,6.23,47.51,1.42,8.11,2.66,24.5,92,13.84,24
Mar-2022,120,33.64,13.16,68,18.09,74.21,2.94,8.06,13.53,101.81,69,6.31,16
Apr-2022,120,1.85,6.14,60,5.37,40.63,0.77,4.72,1.82,15.78,91,6.47,30
May-2022,120,15.09,21.35,56,15.42,72.95,2.37,8.29,9.33,84.1,40,4.64,10
Jun-2022,120,21.84,5.81,150,19.31,113.75,2.74,14.05,11.96,84.51,70,5.43,29
Jul-2022,120,30.59,40.39,195,31.12,193.98,5.04,22.66,18.54,143.34,119,9.88,35
Aug-2022,120,8.92,10.37,19,0.99,10.72,0.11,0.87,0.26,1.95,48,3.08,5
Sep-2022,120,3.99,9.95,7,0.85,6.8,0.05,0.3,1.01,6.97,122,7.43,9
Oct-2022,120,26.01,12.04,50,15.48,72.6,3.01,9.97,9.79,72.3,95,9.77,28
Nov-2022,120,20.38,24.99,78,9.42,44.37,0.91,2.73,5.74,43.97,48,2.93,12
Dec-2022,120,3.07,3.74,5,4.5,17.87,0.73,2.06,2.03,13.3,21,2.59,1
Jan-2022,121,7.05,26.43,3,0.06,1.49,0.01,0.12,0.09,0.83,13,1.04,3
Feb-2022,121,10.2,16.24,4,1.24,3.88,0.36,0.92,0.82,4.94,31,2.71,9
Mar-2022,121,2.38,5.36,2,2.88,22.83,0.4,3.5,1.95,13.09,31,3.24,1
Apr-2022,121,14.5,9.49,44,12.61,90.47,3.04,13.09,6.3,46.66,127,10.87,9
May-2022,121,18.34,0.53,112,23.6,147.18,3.66,16.32,18.96,135.3,121,5.54,23
Jun-2022,121,8.48,0.85,15,4.35,24.06,0.68,2.95,3.0,28.54,6,0.44,1
Jul-2022,121,26.53,17.33,143,22.51,120.87,4.22,16.33,11.1,76.48,157,10.85,17
Aug-2022,121,3.23,18.41,3,0.09,0.72,0.03,0.21,0.01,0.05,1,0.03,3
Sep-2022,121,13.99,14.16,76,23.37,122.91,3.98,14.9,15.66,139.23,101,2.63,19
Oct-2022,121,0.23,20.27,1,0.04,0.21,0.04,0.06,0.04,0.31,8,0.86,1
Nov-2022,121,1.71,3.81,16,1.42,14.08,0.33,2.01,1.15,7.51,36,3.37,6
Dec-2022,121,39.22,11.45,168,16.18,127.99,2.89,18.02,9.27,81.17,182,9.45,41
Jan-2022,122,21.32,18.59,117,13.85,94.66,2.45,13.45,7.47,63.04,123,10.74,25
Feb-2022,122,14.01,2.34,3,1.16,1.43,0.16,0.11,0.18,1.47,7,1.35,0
Mar-2022,122,0.22,28.06,45,5.88,23.42,0.46,1.2,0.63,4.51,46,7.73,10
Apr-2022,122,7.74,0.03,13,4.24,15.55,0.47,2.06,4.38,32.72,21,2.28,5
May-2022,122,2.02,8.85,54,6.52,40.22,0.91,4.08,1.54,11.42,107,6.75,6
Jun-2022,122,26.04,8.52,66,4.5,43.25,0.56,5.49,3.12,28.9,116,10.78,24
Jul-2022,122,37.95,9.54,155,20.03,131.77,3.6,19.04,12.37,89.17,235,18.75,31
Aug-2022,122,35.6,13.09,81,11.52,63.25,2.63,11.28,3.28,21.49,157,14.96,21
Sep-2022,122,22.21,27.64,128,22.7,133.89,3.5,15.38,9.38,66.92,70,7.26,29
Oct-2022,122,43.05,22.82,71,19.06,127.12,2.95,14.0,9.01,78.83,203,11.35,33
Nov-2022,122,18.21,24.77,42,9.3,55.41,1.28,3.63,2.98,23.94,103,9.03,7
Dec-2022,122,21.87,24.31,13,1.0,7.85,0.25,2.32,0.4,2.56,3,0.29,5
Jan-2022,123,1.35,15.65,2,0.22,2.2,0.04,0.32,0.56,4.9,6,0.41,1
Feb-2022,123,16.99,9.88,66,13.21,82.54,2.16,10.18,9.83,82.11,63,4.28,18
Mar-2022,123,0.6,27.28,2,0.06,0.49,0.02,0.19,0.03,0.27,1,0.04,3
Apr-2022,123,1.17,2.67,35,5.76,46.37,0.77,4.41,2.99,20.95,54,4.87,2
May-2022,123,2.64,13.31,11,5.46,18.88,1.13,2.31,2.05,15.27,12,0.55,1
Jun-2022,123,9.79,17.95,28,10.76,63.81,2.4,10.44,3.7,24.7,83,3.02,6
Jul-2022,123,3.53,5.11,61,4.3,32.78,0.99,3.82,2.17,21.2,83,9.59,9
Aug-2022,123,44.77,48.98,266,45.89,273.0,6.47,28.6,24.4,183.8,229,13.92,71
Sep-2022,123,45.75,30.02,149,19.52,119.43,2.73,12.71,12.51,90.6,165,11.97,29
Oct-2022,123,8.66,23.78,17,11.7,62.27,2.02,7.56,4.45,31.6,130,10.89,16
Nov-2022,123,14.15,6.47,60,4.29,25.19,0.59,2.82,2.48,19.81,33,2.37,5
Dec-2022,123,5.37,0.42,78,11.47,62.93,1.67,6.31,7.36,51.21,56,2.57,7
Jan-2022,124,16.44,17.71,42,8.51,58.64,1.09,6.79,1.68,12.32,130,10.39,17
Feb-2022,124,12.24,4.27,32,4.99,45.48,0.94,6.58,1.46,12.72,102,9.71,12
Mar-2022,124,3.93,11.39,26,2.77,23.35,0.31,2.13,3.98,33.37,13,0.35,10
Apr-2022,124,12.33,24.01,4,1.37,9.11,0.51,2.62,0.52,4.21,12,0.89,6
May-2022,124,6.13,6.63,63,10.46,55.17,1.92,7.21,11.44,92.02,134,8.04,12
Jun-2022,124,7.54,24.1,25,8.01,33.63,0.95,2.78,4.36,29.96,123,5.36,20
Jul-2022,124,29.78,4.39,55,9.7,39.06,1.71,5.19,8.85,65.86,114,7.06,15
Aug-2022,124,12.81,38.3,72,20.75,117.47,2.89,12.13,13.64,96.83,85,8.66,21
Sep-2022,124,4.1,6.38,30,4.62,33.65,0.8,4.32,6.27,47.34,8,1.17,2
Oct-2022,124,8.06,7.39,52,3.52,19.88,0.63,1.99,2.36,16.7,62,5.11,12
Nov-2022,124,18.82,15.13,14,3.99,12.92,0.83,1.9,1.9,13.51,4,0.48,2
Dec-2022,124,11.09,21.89,76,16.54,110.23,1.89,9.03,10.08,77.68,114,9.01,15
Jan-2022,125,2.24,2.24,25,2.66,11.32,0.2,1.15,2.77,22.09,45,2.7,3
Feb-2022,125,16.85,3.5,13,3.44,22.12,0.49,3.1,1.21,6.76,21,4.04,6
Mar-2022,125,24.67,21.19,24,12.16,75.01,2.23,10.35,6.32,43.63,87,10.33,9
Apr-2022,125,24.77,12.05,49,10.91,73.23,1.81,8.61,4.59,35.77,68,7.51,10
May-2022,125,21.02,4.77,85,16.37,88.49,2.08,6.85,12.72,86.74,147,10.42,15
Jun-2022,125,6.51,3.47,23,3.3,7.82,1.22,3.24,1.57,10.96,14,1.18,0
Jul-2022,125,1.98,11.33,15,4.15,23.31,0.42,1.71,2.46,19.59,19,2.5,12
Aug-2022,125,8.52,29.97,2,0.37,2.6,0.16,1.15,1.12,8.7,3,0.08,3
Sep-2022,125,15.73,12.29,73,6.49,45.97,0.98,4.61,3.64,32.01,70,5.44,15
Oct-2022,125,1.7,17.57,54,6.7,31.19,0.59,2.14,3.41,25.56,8,0.07,4
Nov-2022,125,17.62,10.76,39,10.15,36.08,2.14,4.53,7.1,59.07,40,4.59,13
Dec-2022,125,21.94,16.53,79,11.96,91.03,2.06,12.7,10.56,80.28,25,1.45,15
Jan-2022,126,5.59,1.98,8,0.11,1.93,0.01,0.36,0.81,8.11,129,11.53,5
Feb-2022,126,11.66,24.41,18,9.67,59.37,1.01,6.2,6.7,49.53,166,14.44,10
Mar-2022,126,23.0,34.84,113,23.75,119.03,3.14,10.84,15.41,118.51,112,7.33,10
Apr-2022,126,5.29,11.55,66,3.29,16.52,0.55,1.26,1.93,9.1,157,11.29,13
May-2022,126,19.91,16.54,57,5.07,32.51,0.51,2.19,4.3,36.67,17,4.06,14
Jun-2022,126,8.25,12.36,44,11.1,81.94,2.11,11.18,3.26,23.84,103,8.62,26
Jul-2022,126,14.63,8.46,110,21.49,120.69,3.3,14.25,10.93,84.21,71,7.99,10
Aug-2022,126,0.06,18.08,0,0.01,0.1,0.0,0.02,0.02,0.19,1,0.16,1
Sep-2022,126,47.12,20.1,70,14.53,109.78,2.75,14.16,8.49,70.68,150,12.37,27
Oct-2022,126,8.7,21.39,22,7.74,52.68,1.7,9.02,5.55,43.79,161,13.84,11
Nov-2022,126,47.3,20.15,175,30.0,182.88,4.74,19.87,17.01,133.15,233,17.46,50
Dec-2022,126,12.02,12.06,70,13.85,65.16,2.23,6.92,7.8,65.9,195,12.36,23
Jan-2022,127,20.19,46.57,118,25.29,142.2,3.1,12.11,14.93,114.57,142,11.56,12
Feb-2022,127,2.23,7.72,4,0.61,0.97,0.14,0.19,0.36,2.02,2,0.66,0
Mar-2022,127,38.04,26.77,123,9.78,96.22,1.39,11.1,6.43,49.23,229,13.67,40
Apr-2022,127,49.57,49.56,215,41.57,215.12,6.05,22.28,21.28,166.41,179,17.53,36
May-2022,127,3.09,13.64,37,3.36,19.32,0.5,3.41,2.2,18.3,41,4.08,1
Jun-2022,127,15.18,15.77,103,9.86,56.01,1.4,3.64,7.8,63.67,197,12.31,24
Jul-2022,127,4.54,7.14,73,12.98,60.84,2.36,7.8,10.45,79.35,123,10.96,17
Aug-2022,127,18.21,24.53,136,19.71,130.14,2.9,13.55,12.98,100.71,58,4.52,19
Sep-2022,127,0.77,2.88,11,3.14,7.14,0.46,0.6,1.31,11.03,15,2.43,1
Oct-2022,127,31.78,20.99,57,2.3,21.88,0.27,2.16,2.29,20.8,44,4.06,1
Nov-2022,127,29.14,16.66,82,22.22,126.61,3.63,13.25,11.79,86.78,85,4.48,21
Dec-2022,127,38.62,0.85,89,7.62,65.01,1.01,7.84,5.75,44.47,119,8.21,23
Jan-2022,128,41.65,0.28,101,15.94,100.28,3.06,15.04,8.33,61.03,112,9.55,31
Feb-2022,128,10.48,5.75,11,0.54,2.17,0.05,0.18,0.41,2.19,22,2.84,1
Mar-2022,128,13.37,16.79,108,5.38,32.75,0.88,3.6,1.59,13.21,210,13.25,13
Apr-2022,128,4.2,6.71,48,9.57,44.77,1.98,6.41,7.67,60.88,126,7.73,7
May-2022,128,9.89,1.94,10,0.46,3.53,0.08,0.45,0.25,1.84,17,1.7,1
Jun-2022,128,7.35,4.29,8,2.76,12.53,0.52,1.25,1.12,9.21,75,6.97,9
Jul-2022,128,10.33,5.57,55,8.93,43.06,2.13,7.14,4.87,34.94,102,9.07,14
Aug-2022,128,15.82,27.77,141,19.75,115.54,3.53,14.28,11.35,82.57,228,14.29,34
Sep-2022,128,0.24,18.17,44,8.85,51.64,1.23,4.12,5.13,42.67,77,5.68,8
Oct-2022,128,19.49,3.04,6,1.89,8.29,0.42,1.64,1.05,8.27,15,1.18,5
Nov-2022,128,10.07,8.09,63,14.6,82.69,2.69,12.04,10.57,82.13,82,4.99,8
Dec-2022,128,7.11,10.8,87,4.95,48.23,1.65,7.18,3.05,27.54,116,8.98,13
Jan-2022,129,26.64,2.84,88,8.54,72.84,1.27,9.19,8.67,73.78,167,12.6,18
Feb-2022,129,7.19,40.37,90,20.02,106.05,2.48,8.11,8.78,74.26,137,8.46,16
Mar-2022,129,11.14,11.09,40,3.96,20.52,0.7,3.53,1.81,14.34,12,1.09,1
Apr-2022,129,10.25,4.5,82,4.78,34.39,0.57,2.67,3.74,25.24,40,3.06,13
May-2022,129,8.5,9.64,31,6.86,37.82,0.9,3.72,0.85,9.67,46,1.77,13
Jun-2022,129,0.93,2.23,19,6.86,38.52,1.12,3.93,2.74,23.94,6,0.63,3
Jul-2022,129,19.91,20.24,81,21.86,112.69,3.35,13.14,12.37,94.8,77,7.35,16
Aug-2022,129,35.96,18.37,57,13.35,57.98,2.18,5.85,8.55,66.25,57,3.56,9
Sep-2022,129,16.91,0.12,41,4.31,37.84,1.02,5.9,4.4,32.32,35,2.14,4
Oct-2022,129,18.13,2.84,7,7.45,28.44,1.25,3.36,5.37,38.91,43,3.17,13
Nov-2022,129,9.21,14.6,51,6.84,47.64,1.14,6.31,2.95,26.3,18,1.06,6
Dec-2022,129,1.02,2.52,9,2.05,8.52,0.23,0.66,0.92,5.49,7,0.73,1
Jan-2022,130,7.83,16.3,98,13.5,66.5,2.19,7.3,10.25,78.92,74,10.08,14
Feb-2022,130,4.14,15.59,131,6.13,56.46,1.22,9.24,2.94,26.86,82,6.46,18
Mar-2022,130,16.23,25.35,139,14.16,95.82,1.94,9.51,11.38,79.09,197,14.24,32
Apr-2022,130,8.59,22.32,40,14.86,96.14,1.61,7.56,12.26,101.11,60,3.89,9
May-2022,130,2.37,16.18,19,5.96,43.13,0.88,5.2,4.08,29.46,88,6.95,11
Jun-2022,130,18.09,22.09,26,8.93,52.01,1.43,6.43,4.11,30.02,223,18.67,20
Jul-2022,130,1.77,5.05,24,3.3,13.14,1.0,3.62,1.13,6.24,13,1.1,9
Aug-2022,130,20.01,0.39,23,2.21,18.91,0.25,1.39,2.62,19.84,7,0.85,3
Sep-2022,130,0.8,7.64,15,4.01,12.06,0.77,1.6,1.9,10.26,13,2.52,4
Oct-2022,130,45.5,7.69,14,4.83,30.78,0.78,2.71,7.62,57.75,90,8.26,12
Nov-2022,130,23.41,42.05,124,21.03,129.34,3.24,14.74,10.77,84.0,169,15.96,29
Dec-2022,130,22.77,50.92,143,22.26,133.87,2.5,10.66,16.82,130.03,161,10.2,32
Jan-2022,131,3.75,10.74,7,1.99,8.88,0.72,2.05,2.92,28.04,116,7.77,6
Feb-2022,131,34.65,23.26,64,15.35,79.86,2.39,8.49,5.79,52.94,104,7.09,15
Mar-2022,131,16.85,3.17,57,10.44,80.45,1.68,9.54,5.97,40.02,137,11.28,7
Apr-2022,131,39.05,8.65,12,4.15,29.72,0.53,2.7,4.62,34.34,138,8.0,17
May-2022,131,17.0,11.44,40,8.97,54.62,1.25,6.66,5.54,40.0,1,0.39,6
Jun-2022,131,40.07,6.51,42,4.43,40.4,0.92,4.94,3.46,24.68,125,10.37,15
Jul-2022,131,2.26,1.88,9,0.39,5.41,0.02,0.29,0.35,3.1,7,0.43,0
Aug-2022,131,15.07,21.79,9,3.58,22.26,1.48,6.46,1.74,15.67,13,1.7,5
Sep-2022,131,14.52,10.73,53,6.8,60.63,1.1,8.76,3.09,26.25,22,2.13,1
Oct-2022,131,21.62,2.8,40,8.1,54.11,1.05,5.76,7.79,61.23,69,5.73,12
Nov-2022,131,11.74,18.65,33,6.44,35.39,1.19,5.63,5.69,39.19,50,4.09,13
Dec-2022,131,31.05,1.89,54,5.91,60.26,1.0,8.33,2.15,18.03,11,2.03,11
Jan-2022,132,3.77,16.01,56,4.61,52.51,0.21,2.98,3.06,23.91,29,1.49,16
Feb-2022,132,1.8,22.88,59,11.68,51.96,1.45,5.13,8.7,61.52,143,11.16,9
Mar-2022,132,22.05,39.08,157,27.4,151.77,5.2,20.5,12.19,90.06,221,20.43,46
Apr-2022,132,2.71,4.48,4,1.0,3.49,0.1,0.3,1.33,8.38,16,3.31,1
May-2022,132,14.61,20.15,81,21.25,126.63,3.05,14.32,10.13,73.86,99,7.23,16
Jun-2022,132,23.56,27.18,137,21.02,164.5,2.68,18.82,13.77,105.31,88,10.76,34
Jul-2022,132,37.35,7.08,147,20.42,113.27,4.23,16.8,11.86,86.92,80,10.3,29
Aug-2022,132,32.74,4.21,98,14.88,105.25,2.56,14.17,7.98,52.57,61,3.62,27
Sep-2022,132,0.38,15.32,2,0.15,0.54,0.02,0.04,0.15,0.6,31,2.16,0
Oct-2022,132,18.53,10.35,66,9.86,51.4,2.16,8.68,5.82,35.84,62,1.16,19
Nov-2022,132,27.53,13.17,81,6.31,40.55,0.82,4.51,3.91,32.63,21,2.43,13
Dec-2022,132,37.14,25.64,101,12.03,71.85,1.63,6.56,8.44,59.32,85,8.15,13
Jan-2022,133,4.06,27.03,96,23.7,144.53,3.4,15.75,14.8,117.38,84,8.31,18
Feb-2022,133,26.5,16.88,59,13.09,59.24,2.45,7.58,6.78,44.63,53,3.19,19
Mar-2022,133,31.95,37.59,114,22.32,143.34,3.55,19.84,13.28,102.89,78,5.54,23
Apr-2022,133,6.38,14.64,37,5.72,28.47,1.19,3.24,0.82,7.31,58,2.59,12
May-2022,133,31.71,5.32,77,16.09,87.99,3.85,15.09,7.37,55.14,117,10.0,19
Jun-2022,133,3.98,43.7,95,16.42,110.83,2.32,13.24,6.43,47.46,64,2.5,15
Jul-2022,133,6.69,10.05,34,2.45,5.39,0.44,0.39,1.2,6.1,27,1.59,3
Aug-2022,133,23.34,15.19,119,19.38,98.54,3.12,11.31,9.78,71.48,135,10.03,28
Sep-2022,133,8.42,16.46,113,11.77,108.86,1.47,10.77,8.75,71.07,75,3.69,18
Oct-2022,133,22.63,11.45,97,15.16,98.92,2.11,12.09,9.79,73.71,91,10.3,17
Nov-2022,133,14.45,1.63,9,4.12,24.51,0.79,4.22,1.82,18.78,50,3.49,2
Dec-2022,133,18.28,19.55,5,3.11,12.07,0.75,1.81,1.92,14.04,1,0.11,1
Jan-2022,134,37.66,40.5,180,24.25,153.36,4.2,17.73,11.09,85.53,205,15.38,48
Feb-2022,134,23.44,12.01,30,3.17,17.43,0.61,2.85,2.35,18.7,93,14.35,5
Mar-2022,134,11.67,12.96,88,4.11,31.84,0.29,1.86,4.41,30.98,39,4.18,18
Apr-2022,134,10.59,8.32,1,2.67,11.29,0.65,2.62,1.64,13.72,17,0.49,4
May-2022,134,9.69,6.43,22,14.21,49.35,2.54,4.6,9.12,75.44,44,4.79,5
Jun-2022,134,10.46,4.78,35,3.73,25.45,0.51,3.24,2.49,19.11,56,3.48,12
Jul-2022,134,53.28,7.15,86,12.47,51.98,2.58,7.93,8.61,65.29,138,13.61,23
Aug-2022,134,16.73,25.92,12,1.49,8.54,0.37,1.43,1.1,10.53,87,5.89,3
Sep-2022,134,8.73,8.91,4,0.94,4.1,0.31,1.17,0.37,3.21,7,0.55,2
Oct-2022,134,0.72,20.81,2,0.18,1.59,0.02,0.17,0.53,4.51,3,0.07,0
Nov-2022,134,15.17,5.87,37,6.47,34.04,1.42,6.46,2.18,16.91,22,3.07,10
Dec-2022,134,33.53,5.11,59,2.58,28.7,0.59,4.79,3.35,25.14,90,6.75,16
Jan-2022,135,41.97,41.49,196,35.68,196.36,5.58,22.33,14.99,112.18,114,8.9,27
Feb-2022,135,15.49,4.77,47,8.07,63.89,1.4,7.83,3.87,32.85,143,10.82,18
Mar-2022,135,15.18,6.34,60,6.45,22.88,0.98,2.48,5.35,28.51,57,2.33,20
Apr-2022,135,4.84,15.86,6,0.08,0.25,0.0,0.01,0.15,1.41,3,0.17,0
May-2022,135,1.03,4.58,5,5.8,12.81,1.37,2.15,1.55,8.03,34,5.83,1
Jun-2022,135,10.73,8.77,17,1.69,5.22,0.47,1.14,1.09,8.39,22,3.01,4
Jul-2022,135,3.21,7.72,3,2.17,4.52,0.18,0.14,3.42,21.26,14,3.08,2
Aug-2022,135,0.02,12.52,2,0.05,0.39,0.0,0.01,0.13,0.88,13,0.8,0
Sep-2022,135,41.06,1.52,90,10.37,107.23,1.92,14.28,7.54,66.35,14,2.14,14
Oct-2022,135,3.21,25.28,108,18.3,100.72,3.42,12.88,12.83,94.08,69,2.14,25
Nov-2022,135,2.02,19.58,3,0.68,3.49,0.26,0.63,0.66,5.16,17,0.75,3
Dec-2022,135,39.28,9.45,144,11.84,82.9,1.73,6.22,5.04,43.87,117,7.84,37
Jan-2022,136,9.28,3.81,33,1.49,12.06,0.3,1.43,1.25,9.62,63,4.93,4
Feb-2022,136,5.48,10.95,5,2.0,5.69,0.32,0.77,0.69,3.61,1,0.04,1
Mar-2022,136,24.69,4.95,28,6.65,60.32,1.25,7.78,6.28,46.6,74,5.35,3
Apr-2022,136,35.69,15.13,67,7.4,57.6,1.48,7.42,1.71,14.92,76,5.74,32
May-2022,136,20.4,32.34,69,18.72,110.03,3.45,13.53,6.69,62.02,150,8.63,29
Jun-2022,136,13.08,20.2,60,13.67,102.66,1.93,11.13,8.45,57.86,188,9.8,24
Jul-2022,136,16.84,5.0,44,5.44,72.39,0.68,8.08,2.99,27.45,41,3.0,17
Aug-2022,136,2.13,9.89,5,1.48,5.56,0.24,0.77,0.08,0.68,2,0.58,2
Sep-2022,136,1.1,4.99,9,0.78,6.97,0.14,0.49,0.57,6.75,23,0.51,1
Oct-2022,136,1.43,14.47,19,3.1,15.73,0.57,2.88,6.17,47.08,11,1.68,1
Nov-2022,136,26.97,1.07,31,6.14,43.53,1.81,10.32,4.76,37.65,17,1.39,7
Dec-2022,136,4.25,12.52,21,4.15,34.65,0.48,2.73,1.17,9.19,114,7.88,13
Jan-2022,137,11.3,13.26,5,0.62,3.32,0.09,0.45,0.96,4.5,55,4.05,2
Feb-2022,137,18.25,0.52,76,10.2,61.23,1.92,7.65,4.77,33.38,80,4.4,6
Mar-2022,137,4.77,6.64,37,8.52,65.22,1.77,9.16,6.68,54.96,49,3.1,5
Apr-2022,137,13.58,29.28,69,17.03,102.63,2.24,9.72,10.54,76.02,290,20.14,24
May-2022,137,15.41,17.3,59,6.8,64.74,1.43,9.96,3.75,34.29,33,0.72,5
Jun-2022,137,36.07,10.73,73,9.37,71.59,1.27,6.94,5.66,42.01,62,6.75,10
Jul-2022,137,0.02,0.15,5,1.62,7.45,0.12,0.44,2.52,20.32,3,0.15,1
Aug-2022,137,28.64,22.64,150,11.87,55.41,1.26,3.69,5.81,44.93,96,5.85,32
Sep-2022,137,5.89,3.69,34,5.62,33.61,1.17,4.93,3.51,30.69,50,2.16,13
Oct-2022,137,26.07,1.16,18,5.62,22.99,0.94,3.15,4.84,36.14,80,5.36,4
Nov-2022,137,0.74,7.08,3,3.62,19.78,0.5,1.31,2.35,17.43,8,0.78,3
Dec-2022,137,15.64,4.96,17,2.71,20.21,0.63,2.62,0.79,5.87,36,1.68,12
Jan-2022,138,0.93,8.44,79,5.7,32.38,1.19,3.88,3.43,29.04,5,0.87,8
Feb-2022,138,3.57,4.12,16,1.22,9.71,0.33,1.63,0.83,5.9,40,6.34,7
Mar-2022,138,22.85,9.73,50,14.73,108.24,2.24,13.41,11.72,92.65,87,6.31,20
Apr-2022,138,39.93,48.09,121,28.16,147.58,4.68,19.61,13.29,95.85,176,13.43,21
May-2022,138,42.23,5.75,106,12.01,75.02,2.33,11.2,4.85,43.75,41,6.76,23
Jun-2022,138,25.95,14.06,62,7.9,90.94,1.11,12.07,6.64,53.71,92,7.71,12
Jul-2022,138,38.22,21.42,126,28.81,164.09,4.77,19.02,12.98,103.23,164,16.03,28
Aug-2022,138,9.89,5.12,9,3.08,29.69,0.45,4.53,3.91,30.66,25,1.84,7
Sep-2022,138,13.41,1.53,34,5.44,34.41,0.42,2.74,2.74,21.91,24,1.01,8
Oct-2022,138,3.37,18.92,86,12.92,66.22,2.5,8.61,5.71,45.68,126,11.0,14
Nov-2022,138,10.98,5.17,18,5.7,17.5,0.67,1.55,4.47,29.36,16,1.59,5
Dec-2022,138,2.25,4.9,14,6.25,29.99,1.33,4.58,4.15,30.3,24,1.73,3
Jan-2022,139,33.98,25.1,134,18.14,126.56,2.33,13.01,11.08,89.29,102,4.78,38
Feb-2022,139,44.08,0.7,84,7.5,56.9,1.93,8.4,3.95,31.13,151,8.07,19
Mar-2022,139,18.52,16.04,58,8.19,83.87,1.62,12.67,4.12,30.22,84,10.82,24
Apr-2022,139,2.35,14.8,32,5.26,26.32,0.49,2.28,3.01,24.27,55,2.66,8
May-2022,139,2.92,9.11,3,0.88,7.19,0.2,1.81,0.24,1.56,27,2.24,1
Jun-2022,139,15.85,29.39,89,17.76,83.89,1.74,5.7,13.88,98.13,48,4.07,16
Jul-2022,139,45.71,1.18,30,6.84,46.81,1.98,10.56,1.09,7.46,57,8.31,16
Aug-2022,139,9.24,6.89,18,1.18,19.73,0.38,3.77,0.71,5.31,51,3.2,9
Sep-2022,139,27.04,43.91,130,21.11,119.14,2.72,10.67,11.15,77.2,248,25.36,34
Oct-2022,139,3.1,6.66,24,0.4,2.3,0.06,0.14,0.19,0.88,60,6.49,13
Nov-2022,139,56.83,25.61,124,18.92,138.14,3.1,18.02,8.48,69.16,149,12.71,38
Dec-2022,139,61.1,8.08,43,11.25,42.38,1.95,5.78,7.23,50.03,105,9.71,10
Jan-2022,140,15.81,1.45,33,3.84,27.54,0.47,2.67,2.76,20.81,119,12.12,9
Feb-2022,140,8.67,0.67,16,5.26,19.6,1.26,3.01,4.35,32.76,98,8.85,9
Mar-2022,140,6.69,5.38,34,3.2,15.16,0.91,2.6,0.6,3.97,54,3.21,16
Apr-2022,140,5.99,3.25,1,0.26,2.73,0.03,0.13,0.11,0.87,11,0.57,6
May-2022,140,1.57,27.38,53,7.42,33.38,0.74,1.4,5.84,38.8,134,11.1,15
Jun-2022,140,16.1,14.68,30,10.36,62.13,1.9,11.9,6.84,50.5,39,4.4,9
Jul-2022,140,8.42,16.44,115,12.13,91.01,1.87,11.02,6.28,48.98,68,6.05,21
Aug-2022,140,26.35,1.19,69,9.54,63.41,1.41,8.39,7.88,54.11,46,5.5,11
Sep-2022,140,3.93,8.21,9,4.68,4.67,0.96,0.38,1.56,12.51,4,0.37,0
Oct-2022,140,15.69,27.64,109,11.75,107.41,1.37,12.16,6.88,51.66,84,3.88,14
Nov-2022,140,33.78,16.36,30,8.57,45.74,1.73,5.27,4.45,31.86,97,8.29,13
Dec-2022,140,0.12,6.85,1,1.47,3.25,0.17,0.23,0.81,5.42,64,6.63,0
Jan-2022,141,15.69,12.55,100,14.59,108.14,2.08,12.04,6.0,51.11,85,7.92,10
Feb-2022,141,38.47,10.75,117,20.19,141.06,3.96,20.27,11.2,83.55,116,11.67,34
Mar-2022,141,19.15,23.57,6,0.46,1.77,0.13,0.34,0.31,3.07,18,1.78,2
Apr-2022,141,10.92,10.09,37,14.73,97.72,2.47,12.7,7.6,51.88,18,2.95,13
May-2022,141,9.99,13.2,4,3.01,5.42,0.31,0.44,2.35,13.84,12,1.2,0
Jun-2022,141,50.61,17.88,107,24.7,124.51,4.69,16.45,8.51,69.02,106,10.43,23
Jul-2022,141,9.02,18.4,68,12.53,59.58,1.58,4.69,6.87,55.2,73,6.45,12
Aug-2022,141,5.88,34.97,69,14.6,103.15,1.62,9.44,14.5,108.97,51,4.58,10
Sep-2022,141,23.09,7.19,25,3.1,33.9,0.58,5.64,1.19,8.56,28,2.19,5
Oct-2022,141,0.79,16.26,14,4.44,20.99,0.23,0.5,1.51,9.74,111,4.58,7
Nov-2022,141,15.98,2.75,31,5.4,43.67,0.76,4.64,3.88,30.67,37,3.02,8
Dec-2022,141,5.27,1.65,7,4.12,21.74,0.34,0.94,3.3,27.15,54,5.91,12
Jan-2022,142,13.95,14.94,34,5.9,50.95,1.19,7.96,5.0,44.67,40,3.4,12
Feb-2022,142,39.66,6.56,93,6.89,57.61,1.08,7.9,4.46,27.66,39,3.19,24
Mar-2022,142,5.8,7.57,51,7.58,32.68,1.53,2.9,6.24,49.78,53,3.62,12
Apr-2022,142,25.62,6.92,67,4.35,56.41,1.13,8.2,1.92,19.05,86,8.12,15
May-2022,142,13.05,12.44,67,10.5,105.49,1.01,11.44,7.65,74.17,127,8.13,20
Jun-2022,142,4.35,8.7,105,6.5,38.13,0.47,2.3,4.66,38.2,60,6.28,11
Jul-2022,142,15.89,1.44,50,7.33,45.68,1.69,7.95,3.62,32.57,22,1.39,5
Aug-2022,142,50.03,16.95,175,30.7,186.54,4.81,19.89,21.37,177.77,214,20.87,32
Sep-2022,142,13.15,4.96,51,5.85,39.25,1.31,5.48,4.0,28.76,51,5.92,8
Oct-2022,142,12.35,3.78,41,4.0,31.5,1.16,6.49,1.18,9.58,31,1.68,15
Nov-2022,142,4.89,22.45,24,4.28,23.69,0.4,2.17,4.11,35.88,11,1.85,3
Dec-2022,142,7.82,2.34,112,4.24,42.51,1.12,7.23,4.31,38.72,151,9.43,10
Jan-2022,143,30.66,0.64,36,13.04,60.93,2.7,9.94,8.15,67.95,36,3.23,19
Feb-2022,143,21.48,44.73,168,27.46,161.51,3.72,15.25,14.32,108.42,210,13.87,40
Mar-2022,143,23.31,33.04,188,18.38,101.35,2.57,9.17,11.66,92.73,94,8.83,29
Apr-2022,143,13.82,11.65,6,2.42,4.43,0.74,1.24,0.33,3.04,5,0.8,0
May-2022,143,0.81,6.85,5,0.39,2.8,0.03,0.29,0.03,0.33,6,0.49,1
Jun-2022,143,19.02,0.83,19,3.27,15.63,0.67,2.26,1.16,8.44,34,2.6,3
Jul-2022,143,38.37,23.62,127,12.96,129.11,2.63,17.8,8.68,75.43,222,20.92,30
Aug-2022,143,14.39,23.71,52,13.89,88.71,2.36,12.69,7.44,55.92,198,14.63,14
Sep-2022,143,9.83,7.44,15,2.84,8.46,0.68,2.17,0.69,4.76,80,5.56,1
Oct-2022,143,12.03,2.42,36,8.95,50.39,0.67,3.22,5.86,47.19,49,1.42,5
Nov-2022,143,27.46,17.8,6,4.93,22.26,0.7,3.34,5.06,43.21,29,0.92,8
Dec-2022,143,5.41,31.28,59,13.2,41.53,1.81,4.86,4.0,25.1,72,7.08,12
Jan-2022,144,31.71,37.31,62,11.46,62.57,1.74,6.68,8.71,66.81,177,12.86,15
Feb-2022,144,5.6,20.41,44,7.38,56.94,0.81,4.02,2.95,29.49,60,2.61,5
Mar-2022,144,10.35,25.21,80,5.95,45.02,0.65,4.26,3.97,31.61,158,15.53,15
Apr-2022,144,4.11,1.79,3,0.81,2.72,0.16,0.31,0.51,2.32,20,2.6,1
May-2022,144,4.11,7.13,48,1.28,17.69,0.14,1.32,1.9,13.71,11,0.58,2
Jun-2022,144,2.99,15.88,13,2.3,10.39,0.45,0.99,0.79,6.5,22,1.16,2
Jul-2022,144,7.9,4.96,18,1.53,17.2,0.24,2.27,0.97,7.48,45,4.23,8
Aug-2022,144,7.9,13.41,46,4.26,36.97,0.56,3.69,4.66,39.32,96,6.9,11
Sep-2022,144,10.84,7.54,39,7.82,25.96,1.24,2.47,8.98,50.02,131,7.17,14
Oct-2022,144,41.33,9.83,167,17.06,107.07,2.48,10.7,11.47,92.02,98,8.86,22
Nov-2022,144,8.48,15.75,16,9.21,44.93,1.32,3.35,3.33,24.99,45,3.65,3
Dec-2022,144,30.92,26.93,113,26.81,153.87,4.11,17.1,13.45,105.82,191,19.28,33
Jan-2022,145,11.44,0.48,48,5.74,43.34,1.18,6.27,2.22,18.92,41,3.28,15
Feb-2022,145,20.42,24.67,91,18.49,73.84,3.29,10.24,8.2,57.63,302,24.04,19
Mar-2022,145,2.95,17.22,2,0.27,1.71,0.01,0.02,0.26,1.63,38,4.66,2
Apr-2022,145,12.48,16.59,63,11.09,83.8,1.85,10.85,8.59,76.25,49,2.18,11
May-2022,145,21.36,5.09,18,4.43,16.77,0.78,2.09,1.23,11.13,42,3.21,7
Jun-2022,145,21.41,5.13,18,4.97,46.03,1.15,8.02,1.58,15.2,38,2.09,15
Jul-2022,145,17.65,29.4,4,1.06,5.61,0.34,2.15,1.04,7.37,0,0.05,1
Aug-2022,145,1.08,19.91,19,2.31,23.06,0.33,2.52,3.6,28.8,87,5.63,5
Sep-2022,145,40.53,9.31,73,14.39,89.23,2.45,10.85,11.16,83.35,131,10.59,31
Oct-2022,145,35.29,25.17,63,12.51,67.4,2.56,8.95,4.45,34.09,117,10.44,25
Nov-2022,145,39.11,52.76,96,22.07,132.7,2.31,10.5,14.3,107.51,181,15.81,29
Dec-2022,145,25.45,20.68,54,9.6,65.44,1.72,7.0,8.35,62.83,194,19.35,10
Jan-2022,146,4.76,1.69,81,4.77,27.81,0.77,2.31,1.97,19.51,8,0.9,5
Feb-2022,146,25.89,3.87,65,9.08,47.77,1.45,5.07,4.32,35.38,143,7.35,10
Mar-2022,146,9.19,4.85,9,2.9,21.6,0.63,3.77,5.62,29.56,72,5.72,17
Apr-2022,146,9.61,2.32,63,13.06,74.29,2.39,10.1,10.12,82.38,75,4.73,4
May-2022,146,57.76,29.93,93,19.87,111.95,3.28,13.9,13.02,98.78,215,15.08,28
Jun-2022,146,1.96,3.34,9,1.21,10.61,0.13,0.71,0.35,3.06,19,1.06,4
Jul-2022,146,34.12,5.94,21,3.87,26.27,0.4,2.49,5.67,38.83,24,2.0,3
Aug-2022,146,16.86,5.64,27,10.23,49.3,1.72,5.79,8.72,60.32,76,5.68,7
Sep-2022,146,3.32,17.36,60,8.95,36.71,1.22,2.5,8.51,63.78,72,6.33,13
Oct-2022,146,8.41,4.7,18,4.08,24.35,0.88,5.22,2.66,19.72,33,4.43,11
Nov-2022,146,21.07,12.04,27,5.98,37.21,1.51,6.94,3.82,25.08,27,2.23,10
Dec-2022,146,6.2,43.81,92,17.98,139.06,2.98,19.1,9.48,66.62,155,15.57,23
Jan-2022,147,24.85,17.85,65,12.32,112.37,2.24,15.22,8.46,70.53,43,3.22,18
Feb-2022,147,4.77,14.92,21,2.05,13.16,0.56,3.33,3.38,22.45,111,6.93,12
Mar-2022,147,58.33,4.02,154,21.77,146.87,3.82,18.83,13.82,108.54,120,10.95,29
Apr-2022,147,8.05,2.9,41,4.18,26.28,0.74,4.37,1.74,12.57,149,10.41,11
May-2022,147,44.06,3.42,36,8.19,36.57,1.48,4.48,5.27,45.6,70,8.29,7
Jun-2022,147,27.43,32.35,126,25.99,148.82,3.9,16.5,13.23,89.6,227,22.45,37
Jul-2022,147,8.48,18.87,21,2.84,13.86,0.21,0.82,0.8,4.77,49,3.72,6
Aug-2022,147,10.29,34.29,108,24.82,127.95,4.39,13.8,14.29,124.74,254,20.72,23
Sep-2022,147,16.13,12.53,82,15.18,66.78,2.45,10.06,9.61,68.17,94,8.93,19
Oct-2022,147,10.44,18.56,42,9.63,69.91,1.53,8.64,7.05,65.69,143,11.58,11
Nov-2022,147,37.38,4.97,116,20.42,125.31,3.22,13.84,12.77,106.54,247,18.62,35
Dec-2022,147,48.93,25.73,123,11.12,110.07,2.0,17.24,4.25,38.98,149,11.48,45
Jan-2022,148,27.13,22.08,163,20.35,141.97,3.23,17.05,13.68,119.28,104,9.23,36
Feb-2022,148,21.18,4.24,75,6.37,31.77,0.76,2.97,3.12,18.47,49,5.09,13
Mar-2022,148,38.56,16.17,101,15.63,109.2,2.47,12.23,13.01,97.79,187,16.01,37
Apr-2022,148,4.13,8.28,13,3.07,20.41,0.33,2.44,3.2,20.68,37,2.37,17
May-2022,148,8.98,12.63,85,15.33,84.15,2.35,8.79,6.78,49.54,18,1.02,13
Jun-2022,148,24.5,20.86,103,10.75,102.11,2.28,16.77,6.31,52.18,79,6.73,14
Jul-2022,148,21.67,0.87,64,14.28,79.39,2.71,9.31,10.64,87.51,75,7.05,17
Aug-2022,148,21.14,5.32,46,10.92,80.12,1.79,12.18,7.67,61.63,62,6.6,9
Sep-2022,148,5.29,1.32,47,11.53,55.64,1.96,7.86,5.02,32.64,49,1.65,10
Oct-2022,148,0.23,11.88,4,0.46,1.63,0.07,0.34,0.91,4.58,11,0.96,0
Nov-2022,148,29.7,45.85,149,17.94,120.18,2.81,14.62,8.86,68.34,126,10.81,29
Dec-2022,148,0.13,4.81,29,1.04,21.4,0.14,2.17,2.42,21.97,46,2.82,7
Jan-2022,149,11.3,0.15,62,4.89,59.99,0.63,5.67,3.2,25.3,89,4.02,15
Feb-2022,149,30.56,10.27,121,24.26,97.27,4.78,12.18,13.07,108.63,110,6.58,23
Mar-2022,149,13.1,19.57,46,16.08,83.89,2.38,7.31,12.25,96.27,120,11.66,23
Apr-2022,149,17.64,1.59,89,8.56,61.31,1.69,8.61,7.72,57.94,119,7.6,41
May-2022,149,28.96,3.97,74,7.46,69.36,1.11,7.59,6.77,56.31,102,11.76,22
Jun-2022,149,22.12,9.8,21,4.58,17.61,1.17,3.49,2.16,14.49,38,5.09,5
Jul-2022,149,22.27,20.9,7,4.02,22.65,0.81,4.54,3.33,22.81,43,1.13,7
Aug-2022,149,8.77,9.48,18,0.89,22.09,0.06,1.5,0.67,7.31,15,0.79,12
Sep-2022,149,17.17,12.25,9,2.29,7.69,0.55,2.33,1.58,8.95,2,0.21,4
Oct-2022,149,35.96,3.59,32,12.68,60.86,2.48,7.87,7.53,55.12,139,10.77,14
Nov-2022,149,12.8,6.48,36,0.85,8.62,0.18,1.25,0.67,5.3,35,1.7,6
Dec-2022,149,0.16,6.35,22,1.66,8.97,0.19,0.55,0.84,5.21,56,3.76,2
Jan-2022,150,10.47,6.14,27,4.66,31.62,1.03,5.68,2.5,18.03,47,5.07,11
Feb-2022,150,0.37,11.46,2,0.21,0.45,0.03,0.05,0.37,2.63,2,0.03,1
Mar-2022,150,0.23,0.87,1,0.57,1.36,0.11,0.07,0.42,5.1,14,2.61,0
Apr-2022,150,1.34,6.1,13,8.77,43.72,1.27,5.18,5.66,40.25,117,5.34,5
May-2022,150,10.97,7.69,51,10.24,59.19,1.08,5.2,8.11,58.02,39,3.3,15
Jun-2022,150,16.93,21.14,35,11.84,65.07,1.96,7.61,7.93,62.09,173,12.77,14
Jul-2022,150,8.69,16.37,58,5.71,42.97,0.44,1.96,4.72,32.58,17,1.36,9
Aug-2022,150,22.89,10.85,64,7.12,36.73,1.17,4.28,4.42,34.13,96,11.49,11
Sep-2022,150,5.41,2.61,34,2.56,19.41,0.61,4.5,1.56,10.52,155,13.97,9
Oct-2022,150,10.24,6.49,46,5.64,41.59,0.45,2.64,2.56,25.68,11,0.51,9
Nov-2022,150,24.07,6.3,8,2.54,13.49,0.39,1.74,1.6,11.68,26,1.84,6
Dec-2022,150,19.89,14.65,55,4.96,36.9,0.68,4.37,2.56,20.77,75,4.24,17
Jan-2022,151,22.18,13.04,97,12.68,76.89,1.32,6.77,9.82,71.77,53,2.3,14
Feb-2022,151,2.38,21.81,26,9.14,45.31,1.73,7.45,4.4,34.88,78,4.87,11
Mar-2022,151,14.48,0.4,22,3.01,22.31,0.92,4.77,4.49,31.69,53,4.39,2
Apr-2022,151,42.61,14.26,142,17.76,130.36,3.28,17.05,6.7,59.96,149,11.45,40
May-2022,151,14.63,4.02,107,8.06,78.96,1.08,10.23,8.91,76.76,69,4.91,30
Jun-2022,151,24.57,8.22,95,9.99,61.83,2.08,9.27,4.77,37.39,115,4.52,26
Jul-2022,151,4.42,14.42,4,0.2,1.27,0.04,0.16,0.44,1.98,5,0.54,0
Aug-2022,151,10.72,17.36,67,17.85,109.35,2.66,12.08,11.56,79.82,48,1.62,16
Sep-2022,151,0.18,8.09,9,2.45,14.15,0.73,2.2,0.78,6.83,11,0.96,7
Oct-2022,151,4.51,14.15,9,1.67,4.08,0.16,0.38,1.66,11.88,82,4.42,2
Nov-2022,151,29.99,10.76,109,15.72,120.94,1.98,11.5,12.48,108.6,145,7.62,19
Dec-2022,151,12.58,1.92,8,3.67,18.94,0.58,1.62,3.03,19.75,52,2.41,4
Jan-2022,152,16.49,0.41,78,8.43,63.09,1.9,8.43,5.11,44.5,141,12.25,20
Feb-2022,152,3.41,10.98,49,8.47,42.03,1.84,6.12,2.21,23.4,32,2.6,4
Mar-2022,152,6.62,7.56,5,3.7,10.16,1.22,2.67,0.86,8.27,106,10.7,7
Apr-2022,152,7.65,11.76,2,5.81,16.67,1.24,1.61,5.03,38.36,32,1.5,2
May-2022,152,46.72,7.35,126,29.5,181.36,5.72,25.65,13.4,107.04,71,7.2,33
Jun-2022,152,20.4,2.53,13,2.02,11.24,0.66,2.65,0.52,5.7,51,4.59,5
Jul-2022,152,2.0,13.16,29,8.16,40.11,1.02,2.8,7.53,56.93,118,9.2,8
Aug-2022,152,13.17,23.83,109,10.65,63.3,1.44,5.97,7.54,63.55,42,2.02,10
Sep-2022,152,4.94,6.92,7,0.09,1.67,0.02,0.3,0.06,0.63,42,3.02,1
Oct-2022,152,3.5,11.51,31,0.84,10.55,0.07,0.47,2.11,23.05,76,8.25,4
Nov-2022,152,15.5,23.46,82,12.74,97.35,2.21,10.84,7.48,58.47,187,14.2,24
Dec-2022,152,32.56,13.8,169,25.88,163.1,3.88,20.54,16.78,132.15,277,18.47,43
Jan-2022,153,13.5,18.93,27,9.62,62.89,1.65,6.96,5.26,37.89,22,1.14,17
Feb-2022,153,16.94,4.93,109,13.04,82.49,2.62,12.33,7.63,60.0,115,8.48,30
Mar-2022,153,19.89,9.92,18,2.75,34.3,0.95,7.79,3.22,27.13,21,1.05,13
Apr-2022,153,12.64,3.82,19,4.63,22.72,0.65,3.07,4.58,32.59,118,4.64,9
May-2022,153,8.64,3.54,60,2.35,32.8,0.1,1.64,3.13,25.17,68,5.29,7
Jun-2022,153,41.84,19.41,143,15.19,99.55,3.0,12.18,5.61,36.8,85,9.47,22
Jul-2022,153,3.91,1.09,23,5.6,32.0,1.32,5.67,4.98,36.73,43,5.24,4
Aug-2022,153,10.15,12.2,49,14.18,66.15,1.77,5.87,7.74,62.52,43,2.85,9
Sep-2022,153,18.96,9.31,16,2.33,23.58,0.48,4.77,3.69,34.69,48,7.64,8
Oct-2022,153,20.11,5.99,46,6.44,45.94,1.87,10.18,5.6,45.13,91,5.6,16
Nov-2022,153,43.79,6.78,11,4.29,30.61,0.63,3.04,4.95,43.33,62,8.85,7
Dec-2022,153,4.34,1.43,37,3.5,17.26,0.35,1.31,2.06,18.68,40,3.65,4
Jan-2022,154,39.33,11.67,119,17.25,116.3,3.28,19.46,10.5,88.05,162,7.52,26
Feb-2022,154,3.69,10.03,4,1.01,6.84,0.07,0.44,0.2,1.5,20,0.74,0
Mar-2022,154,27.42,9.81,55,19.92,81.23,4.01,11.18,7.48,63.64,124,9.52,15
Apr-2022,154,32.4,23.29,147,13.66,120.85,2.26,13.25,8.02,60.53,171,11.34,34
May-2022,154,10.76,16.38,36,7.06,42.36,0.88,3.78,6.52,46.28,39,4.73,10
Jun-2022,154,36.9,8.65,16,5.1,43.51,0.5,5.53,3.68,34.33,74,5.96,5
Jul-2022,154,21.46,9.35,135,21.57,165.78,3.03,17.26,15.8,110.45,71,4.69,25
Aug-2022,154,14.75,3.42,74,6.3,35.5,1.1,4.55,4.41,29.77,50,5.02,4
Sep-2022,154,37.55,37.08,111,23.0,140.53,4.08,19.33,13.76,100.0,89,5.72,30
Oct-2022,154,3.98,0.37,57,8.57,65.09,1.62,10.06,3.99,30.32,65,2.88,9
Nov-2022,154,25.86,7.14,18,6.61,35.93,1.78,6.06,3.83,26.62,62,5.08,6
Dec-2022,154,14.41,14.74,84,15.65,85.84,2.12,8.37,8.61,73.09,101,7.93,20
Jan-2022,155,4.43,1.33,40,2.37,26.15,0.56,4.02,1.72,10.02,9,0.65,3
Feb-2022,155,46.92,31.3,124,22.84,128.03,2.74,12.52,12.26,82.63,128,8.07,37
Mar-2022,155,59.73,30.17,135,21.99,139.69,3.51,17.23,9.8,80.66,280,20.84,34
Apr-2022,155,7.78,12.3,15,3.01,35.72,0.77,5.19,3.47,34.82,28,2.9,1
May-2022,155,2.85,5.22,25,0.75,3.64,0.17,0.36,0.4,3.36,137,9.58,12
Jun-2022,155,12.66,9.13,53,9.31,42.2,1.65,5.1,5.04,42.06,90,5.87,13
Jul-2022,155,32.22,18.69,75,12.07,82.03,2.12,9.49,6.57,48.84,54,5.62,19
Aug-2022,155,8.33,7.53,49,10.44,70.27,1.65,8.2,5.85,50.99,88,6.95,22
Sep-2022,155,13.46,2.09,75,12.77,94.9,1.98,9.8,8.2,60.81,171,18.5,23
Oct-2022,155,4.08,5.56,44,6.83,28.12,0.64,1.67,6.9,53.76,23,2.04,2
Nov-2022,155,0.68,9.23,20,2.43,14.14,0.47,2.21,3.36,23.32,38,2.39,2
Dec-2022,155,2.9,29.95,0,0.07,0.35,0.03,0.1,0.09,0.63,8,0.73,0
Jan-2022,156,9.49,22.15,42,11.66,65.71,1.77,5.99,5.51,49.42,33,3.61,10
Feb-2022,156,22.05,2.89,114,13.47,94.31,2.76,13.38,9.48,72.77,203,14.69,24
Mar-2022,156,7.37,3.97,23,10.42,35.75,1.95,8.6,4.55,30.24,37,4.23,9
Apr-2022,156,24.36,20.74,87,8.1,72.52,0.99,8.12,5.05,39.07,130,9.71,11
May-2022,156,39.99,1.88,40,11.15,55.75,2.09,8.61,6.75,53.05,109,6.43,5
Jun-2022,156,10.38,10.77,44,7.21,54.72,1.3,8.6,5.45,46.75,83,6.77,15
Jul-2022,156,64.54,34.3,186,34.91,216.18,5.52,26.71,20.2,160.75,366,23.41,52
Aug-2022,156,3.67,18.47,26,4.98,28.84,0.49,1.81,2.05,19.42,39,5.05,12
Sep-2022,156,39.91,26.74,95,25.89,131.01,4.03,13.77,12.05,80.77,165,7.29,20
Oct-2022,156,15.46,15.62,18,0.69,5.5,0.05,0.32,0.63,4.99,15,1.71,2
Nov-2022,156,30.79,34.41,67,20.47,109.76,3.61,13.81,13.2,108.92,230,21.12,17
Dec-2022,156,6.27,6.1,44,5.44,41.89,0.99,5.63,4.37,33.53,21,4.46,12
Jan-2022,157,29.83,14.08,120,12.61,97.9,1.89,11.25,6.45,50.17,109,10.35,23
Feb-2022,157,34.55,33.01,99,21.3,148.39,2.9,15.75,14.8,114.22,54,6.33,19
Mar-2022,157,9.04,0.23,14,2.13,5.14,0.43,0.64,0.64,4.82,50,3.37,9
Apr-2022,157,5.44,4.88,44,12.56,48.92,2.69,7.97,5.43,41.7,79,5.33,20
May-2022,157,16.5,6.38,47,7.29,42.2,1.08,5.72,3.49,29.26,46,3.03,12
Jun-2022,157,17.71,5.01,39,10.8,49.66,1.62,5.3,9.08,74.71,38,3.17,7
Jul-2022,157,14.67,24.88,30,6.49,50.76,0.64,3.67,5.09,33.76,104,8.44,9
Aug-2022,157,37.32,5.14,53,2.93,39.78,0.6,6.49,1.52,13.47,93,4.38,18
Sep-2022,157,0.14,19.53,1,0.24,2.48,0.05,0.36,0.7,6.08,7,0.23,1
Oct-2022,157,24.09,6.21,129,11.74,118.83,1.41,13.12,6.61,56.96,57,5.86,16
Nov-2022,157,1.73,7.7,7,2.47,12.12,0.47,1.56,1.12,6.78,2,0.01,0
Dec-2022,157,16.06,9.71,20,1.05,6.58,0.29,1.27,0.42,3.7,34,3.83,7
Jan-2022,158,11.37,13.08,16,14.7,56.47,2.5,5.92,9.47,69.37,83,9.71,11
Feb-2022,158,21.06,5.29,48,2.65,30.19,0.45,5.05,2.16,12.62,49,4.94,16
Mar-2022,158,19.78,18.22,76,15.73,93.53,2.46,11.23,13.06,94.52,114,6.56,18
Apr-2022,158,3.54,5.42,57,6.61,63.87,0.61,4.97,5.33,39.46,82,7.27,12
May-2022,158,25.87,3.39,73,7.25,75.78,0.84,7.75,6.16,57.15,72,5.33,28
Jun-2022,158,18.44,7.18,25,9.4,52.41,1.65,7.48,3.42,33.25,21,1.27,2
Jul-2022,158,4.16,27.78,68,22.96,118.48,3.63,14.11,12.23,89.18,77,4.0,22
Aug-2022,158,13.9,16.79,46,7.45,53.63,1.25,6.0,4.24,33.58,72,6.48,7
Sep-2022,158,2.87,15.49,12,0.17,4.56,0.01,0.31,0.25,2.25,81,2.24,2
Oct-2022,158,8.58,3.56,86,5.85,39.36,1.04,4.85,4.45,31.75,12,0.41,9
Nov-2022,158,16.99,23.73,111,26.21,161.64,3.88,18.44,15.72,111.65,152,7.25,33
Dec-2022,158,11.9,13.61,6,1.75,5.92,0.47,0.94,0.84,5.78,27,1.11,2
Jan-2022,159,57.44,35.64,177,28.86,203.93,4.71,22.92,15.77,117.31,237,21.89,36
Feb-2022,159,16.79,36.74,147,21.5,151.26,3.43,17.62,12.52,94.83,109,12.0,22
Mar-2022,159,22.15,2.13,49,7.67,45.71,1.79,7.8,3.12,24.55,6,0.2,1
Apr-2022,159,26.5,2.02,64,7.59,55.32,1.92,11.77,3.55,22.09,157,15.9,27
May-2022,159,0.44,4.28,1,0.39,1.24,0.08,0.39,0.31,1.85,6,0.28,0
Jun-2022,159,3.58,29.54,43,10.47,69.1,1.28,6.91,4.28,32.87,93,9.16,7
Jul-2022,159,23.85,8.36,65,3.26,38.55,0.43,4.41,1.26,10.53,92,6.51,31
Aug-2022,159,10.52,25.77,144,13.81,98.21,1.66,10.94,11.95,94.74,65,5.19,10
Sep-2022,159,8.16,17.11,24,1.77,25.53,0.59,3.41,0.35,3.85,4,0.79,8
Oct-2022,159,52.76,12.26,79,15.0,104.65,2.88,16.03,7.45,57.5,107,7.26,18
Nov-2022,159,14.21,3.1,21,2.0,9.84,0.54,1.47,0.65,4.69,12,1.27,7
Dec-2022,159,23.69,6.17,14,3.92,11.78,0.9,1.94,0.66,4.67,18,1.62,3
Jan-2022,160,2.53,5.09,40,6.98,41.6,1.23,7.43,2.08,18.62,25,1.24,17
Feb-2022,160,9.36,3.44,58,11.72,55.06,2.28,6.68,9.63,73.22,23,3.86,4
Mar-2022,160,18.93,13.05,51,11.11,65.45,1.94,8.01,8.4,64.95,150,11.62,27
Apr-2022,160,14.61,26.91,33,13.78,93.34,2.12,11.84,6.96,52.11,92,4.06,24
May-2022,160,21.16,16.34,91,16.29,68.77,3.36,8.82,8.84,67.38,126,12.23,25
Jun-2022,160,3.92,14.14,92,8.86,57.09,1.63,5.9,3.83,33.38,109,8.33,11
Jul-2022,160,15.33,11.49,65,10.22,64.33,1.23,6.54,5.69,44.91,59,4.31,16
Aug-2022,160,33.33,29.26,110,18.4,114.69,2.87,14.48,9.2,75.97,136,8.05,32
Sep-2022,160,11.63,5.84,55,6.91,38.08,1.25,4.01,2.43,15.48,25,4.43,12
Oct-2022,160,21.63,19.31,130,31.77,140.82,4.89,14.83,14.15,108.28,111,8.58,18
Nov-2022,160,1.43,21.5,3,0.07,1.07,0.09,0.52,0.06,0.74,28,1.62,2
Dec-2022,160,22.91,16.29,52,18.15,63.75,2.65,7.12,10.54,70.88,26,3.83,3
Jan-2022,161,18.1,2.84,42,7.0,38.23,2.0,7.93,4.51,37.3,97,5.82,13
Feb-2022,161,2.92,28.58,22,0.27,3.65,0.02,0.32,0.93,6.77,1,0.06,1
Mar-2022,161,4.36,0.28,69,4.82,27.66,0.64,1.59,4.33,32.61,33,2.79,12
Apr-2022,161,10.43,6.8,62,10.35,66.89,2.03,9.68,5.29,36.38,36,4.04,9
May-2022,161,27.03,47.04,221,44.17,260.03,7.86,34.58,25.5,192.68,201,13.17,59
Jun-2022,161,6.82,1.43,16,4.98,10.55,0.95,1.54,2.43,21.85,55,4.2,9
Jul-2022,161,21.99,16.26,127,17.19,93.94,2.15,8.62,12.46,89.6,52,3.54,7
Aug-2022,161,0.46,7.17,2,0.55,4.26,0.04,0.35,1.35,11.19,19,1.58,0
Sep-2022,161,5.42,4.8,40,6.98,57.52,1.47,8.43,4.14,31.86,50,4.41,17
Oct-2022,161,5.37,12.41,14,1.35,11.35,0.25,1.7,1.36,12.21,22,2.84,3
Nov-2022,161,43.84,16.41,86,23.37,100.34,4.02,13.18,8.14,57.74,154,11.57,13
Dec-2022,161,18.79,7.1,9,4.66,11.7,1.01,2.57,3.09,16.5,128,12.79,2
Jan-2022,162,22.55,4.71,94,22.79,107.84,4.32,18.17,15.21,112.05,55,3.73,24
Feb-2022,162,9.78,8.23,30,4.18,15.11,0.88,2.77,4.61,36.08,98,9.31,2
Mar-2022,162,13.43,8.84,5,2.31,11.64,0.48,1.23,0.52,3.6,23,2.19,1
Apr-2022,162,10.41,21.81,76,8.45,74.89,0.84,6.65,5.38,44.3,123,13.61,7
May-2022,162,24.47,7.06,88,12.84,50.85,2.23,8.53,6.09,50.05,56,3.82,30
Jun-2022,162,3.98,8.46,21,3.14,20.37,0.48,2.6,1.18,7.27,48,3.38,3
Jul-2022,162,57.91,9.85,120,25.92,157.53,4.79,22.79,8.77,66.42,188,14.55,35
Aug-2022,162,52.75,2.49,107,15.96,92.28,2.98,13.63,8.95,80.34,63,3.25,19
Sep-2022,162,12.34,6.7,81,8.26,47.08,1.43,5.25,4.15,32.17,46,5.29,9
Oct-2022,162,1.17,15.32,1,0.88,3.99,0.22,0.87,0.46,2.79,25,1.09,0
Nov-2022,162,2.79,18.05,87,9.57,62.78,1.18,4.82,4.74,41.21,54,5.46,14
Dec-2022,162,25.96,28.23,185,27.15,123.26,4.42,13.17,14.9,110.7,268,19.29,48
Jan-2022,163,4.92,2.52,78,6.08,42.97,0.6,2.34,4.92,33.24,17,1.17,7
Feb-2022,163,23.83,15.16,81,14.92,113.3,2.69,15.76,5.01,41.01,44,7.44,26
Mar-2022,163,2.81,8.89,7,2.76,15.49,0.4,1.77,1.16,9.18,8,1.17,2
Apr-2022,163,11.62,10.14,10,0.98,7.86,0.39,3.05,0.38,2.86,35,4.74,1
May-2022,163,30.69,17.78,26,6.94,49.06,1.12,5.49,5.39,35.53,72,5.5,19
Jun-2022,163,16.79,28.33,133,21.28,155.32,3.44,21.84,9.69,78.26,132,10.16,13
Jul-2022,163,26.32,6.53,30,6.54,57.67,1.56,11.38,1.94,16.16,67,8.28,10
Aug-2022,163,12.87,34.7,152,25.5,149.93,3.51,14.51,14.05,104.15,99,9.93,21
Sep-2022,163,41.55,24.04,132,27.8,185.76,4.42,20.63,19.22,145.08,229,18.85,32
Oct-2022,163,15.78,4.21,37,12.16,53.0,2.69,7.26,3.25,24.34,16,2.12,11
Nov-2022,163,17.11,9.42,62,3.56,32.24,0.83,5.38,3.6,27.76,42,3.07,17
Dec-2022,163,26.57,22.66,100,24.45,132.7,4.32,15.97,18.68,135.57,148,8.1,26
Jan-2022,164,17.07,16.22,116,18.98,88.25,4.21,15.71,5.9,36.84,116,10.24,22
Feb-2022,164,17.93,10.93,84,14.41,101.66,2.02,10.7,4.49,43.19,20,4.67,15
Mar-2022,164,17.01,3.66,51,8.13,31.28,1.58,3.43,3.26,21.54,81,6.85,10
Apr-2022,164,11.42,8.44,30,8.37,44.61,1.04,4.15,5.09,41.34,73,6.93,11
May-2022,164,11.63,6.82,6,1.81,11.52,0.33,1.74,3.08,21.13,15,1.61,2
Jun-2022,164,14.04,7.44,23,7.11,39.13,1.27,5.21,3.14,21.27,48,4.13,4
Jul-2022,164,23.12,6.64,65,5.16,46.34,1.31,6.88,2.25,17.7,9,2.39,8
Aug-2022,164,10.78,11.72,43,8.1,62.71,1.39,7.89,6.65,56.21,136,6.77,15
Sep-2022,164,33.65,1.16,94,14.02,101.91,2.19,11.11,6.61,49.17,91,3.65,21
Oct-2022,164,40.33,3.08,23,3.37,14.67,0.68,2.98,0.68,5.54,37,3.97,12
Nov-2022,164,18.65,34.56,147,14.06,98.45,2.0,12.08,8.21,65.81,331,26.17,28
Dec-2022,164,3.69,4.11,3,2.74,22.01,0.31,2.29,1.61,11.77,23,2.78,4
Jan-2022,165,22.04,12.91,33,3.7,14.37,0.95,2.53,2.59,17.46,70,5.8,13
Feb-2022,165,16.93,1.41,40,8.88,74.53,1.38,8.66,7.49,69.27,57,8.19,26
Mar-2022,165,5.08,61.33,132,25.99,165.45,3.49,15.11,16.12,133.41,237,15.16,30
Apr-2022,165,13.26,21.71,87,7.86,62.67,1.08,3.78,4.7,39.33,151,13.48,26
May-2022,165,54.49,31.35,174,23.16,164.44,3.9,22.06,11.0,90.56,252,20.78,41
Jun-2022,165,36.39,18.46,98,15.0,98.52,3.03,16.6,4.11,23.73,103,7.38,21
Jul-2022,165,13.55,22.65,24,12.58,33.57,1.68,2.74,5.71,47.04,104,10.63,5
Aug-2022,165,3.96,21.53,4,1.09,5.21,0.25,1.38,0.79,6.63,7,0.48,1
Sep-2022,165,28.97,1.29,57,11.63,75.94,1.86,8.49,5.68,46.99,83,7.46,15
Oct-2022,165,7.87,16.5,20,1.34,12.43,0.41,2.42,0.48,2.97,114,8.62,7
Nov-2022,165,31.24,6.54,44,8.6,71.93,1.35,8.86,5.99,63.44,45,1.63,13
Dec-2022,165,5.12,12.88,9,2.63,13.26,1.06,5.57,2.47,17.98,16,2.12,4
Jan-2022,166,12.67,8.49,64,4.69,47.2,0.47,4.51,3.1,21.73,41,2.85,13
Feb-2022,166,9.52,12.18,53,3.97,28.67,0.87,3.1,1.39,13.93,122,11.72,15
Mar-2022,166,51.89,5.29,57,1.88,19.22,0.33,2.04,1.14,11.69,212,21.37,15
Apr-2022,166,47.0,12.86,130,19.6,120.1,3.59,17.1,9.84,76.77,186,17.3,20
May-2022,166,3.31,1.05,3,1.22,6.01,0.2,0.62,0.43,3.93,6,0.66,1
Jun-2022,166,27.3,3.77,36,9.25,44.1,1.53,3.45,4.8,40.31,51,4.11,9
Jul-2022,166,7.56,27.76,48,13.9,79.62,1.86,8.35,6.65,54.52,147,5.13,10
Aug-2022,166,10.35,1.47,2,1.94,10.04,0.39,1.07,2.12,13.33,79,6.34,4
Sep-2022,166,18.7,0.92,33,4.92,29.24,0.65,3.54,4.36,26.98,61,5.09,11
Oct-2022,166,11.99,13.76,19,10.79,50.54,1.55,6.57,3.89,28.4,29,2.47,2
Nov-2022,166,13.36,35.98,180,30.12,185.16,3.65,16.74,23.82,186.76,210,14.48,25
Dec-2022,166,38.86,17.72,84,19.63,103.19,3.51,13.92,10.24,87.5,74,5.1,23
Jan-2022,167,25.64,21.62,132,13.0,103.61,1.59,11.54,10.17,72.26,202,12.63,19
Feb-2022,167,24.91,22.09,86,18.68,109.67,3.82,16.73,9.65,78.7,35,1.75,4
Mar-2022,167,13.62,2.93,28,4.49,25.31,0.86,3.85,3.13,25.41,92,5.99,7
Apr-2022,167,24.02,0.79,77,5.87,41.78,0.88,5.25,3.09,20.5,93,5.11,4
May-2022,167,1.26,14.61,71,5.6,24.92,0.97,2.71,2.42,20.73,82,6.16,6
Jun-2022,167,31.91,40.36,137,17.57,97.07,2.13,8.0,8.26,67.46,232,21.16,33
Jul-2022,167,22.29,8.23,39,11.8,59.53,2.2,9.36,7.79,57.15,71,5.3,11
Aug-2022,167,15.56,10.74,75,16.04,91.58,2.35,11.48,10.57,75.03,70,5.15,27
Sep-2022,167,23.66,10.99,41,6.13,37.37,1.32,6.36,4.35,40.6,9,2.25,6
Oct-2022,167,1.26,6.93,2,1.79,3.52,0.42,0.38,1.14,6.76,7,1.09,1
Nov-2022,167,11.48,19.93,122,10.93,67.29,1.63,5.6,5.28,39.16,124,10.54,18
Dec-2022,167,6.54,2.98,38,9.66,57.65,2.3,9.29,5.01,39.74,76,10.28,16
Jan-2022,168,18.09,4.34,51,5.08,26.06,0.83,2.39,0.6,8.39,47,4.38,10
Feb-2022,168,19.37,4.6,106,16.1,106.05,3.04,17.04,7.82,66.02,40,3.39,15
Mar-2022,168,7.09,6.21,19,7.07,38.43,1.27,4.63,6.25,52.2,138,8.06,22
Apr-2022,168,30.77,23.5,165,32.7,139.77,5.93,20.29,12.59,88.43,110,10.43,35
May-2022,168,22.98,23.86,78,12.55,70.59,1.71,4.14,6.21,45.09,85,7.7,11
Jun-2022,168,0.61,7.27,16,0.46,2.96,0.04,0.2,0.31,2.68,2,0.22,3
Jul-2022,168,18.25,5.28,75,9.88,70.18,1.76,9.67,8.23,61.41,105,8.34,28
Aug-2022,168,24.49,9.17,46,9.88,58.11,2.31,11.7,3.95,29.65,107,7.13,24
Sep-2022,168,8.15,9.37,65,6.83,46.7,0.95,4.08,6.75,49.35,39,2.48,10
Oct-2022,168,14.26,0.51,86,15.34,86.35,3.05,11.71,6.74,59.0,121,8.93,16
Nov-2022,168,4.43,3.06,14,5.25,43.23,0.66,6.01,3.4,24.8,65,2.98,6
Dec-2022,168,43.8,15.23,29,9.3,62.96,2.34,8.9,3.79,34.06,51,3.15,19
Jan-2022,169,27.28,14.6,21,2.74,25.0,0.52,5.06,2.82,24.15,37,3.94,10
Feb-2022,169,12.48,9.58,9,3.81,25.58,0.67,3.35,3.3,24.08,11,1.65,1
Mar-2022,169,17.9,19.76,137,14.85,114.93,1.85,10.19,6.06,54.98,190,12.44,24
Apr-2022,169,38.34,5.76,32,7.54,46.07,1.84,8.09,3.21,19.34,77,5.46,17
May-2022,169,39.59,17.05,71,19.33,101.24,2.7,10.14,12.47,94.58,60,5.59,16
Jun-2022,169,6.53,13.94,16,7.99,32.13,1.11,2.41,5.37,38.11,57,3.52,5
Jul-2022,169,9.69,8.66,43,5.83,59.32,1.36,7.7,5.13,54.1,141,12.28,21
Aug-2022,169,7.87,11.39,63,2.41,29.25,0.4,5.27,1.93,10.67,112,7.53,17
Sep-2022,169,4.29,12.51,46,11.15,62.61,1.81,8.9,6.58,48.1,41,2.97,13
Oct-2022,169,9.56,6.22,27,1.97,21.01,0.46,2.39,1.29,15.74,67,3.47,1
Nov-2022,169,39.45,29.23,111,24.87,143.97,4.13,16.46,13.43,105.77,216,15.38,19
Dec-2022,169,32.59,17.6,40,17.19,94.96,2.95,12.14,10.32,74.29,95,5.22,23
Jan-2022,170,8.09,18.92,89,15.33,104.41,2.78,14.2,11.16,85.96,107,5.35,20
Feb-2022,170,7.32,21.34,12,0.44,5.4,0.16,1.1,0.13,0.91,5,0.75,7
Mar-2022,170,2.67,10.46,12,4.3,14.13,0.85,2.74,2.01,14.01,47,1.65,17
Apr-2022,170,7.79,35.16,182,30.81,188.45,5.24,23.39,18.92,144.49,288,21.94,24
May-2022,170,14.75,8.42,60,9.66,79.13,1.72,12.23,6.2,47.92,107,8.13,10
Jun-2022,170,18.75,7.09,48,7.6,36.93,0.97,3.37,5.44,42.66,72,5.62,9
Jul-2022,170,23.47,10.17,115,24.69,133.17,3.99,16.7,19.2,148.13,188,15.82,22
Aug-2022,170,10.54,8.69,36,6.23,35.41,1.56,8.95,1.65,13.21,9,0.81,4
Sep-2022,170,0.26,6.93,1,0.25,0.45,0.04,0.05,0.27,1.51,9,1.12,0
Oct-2022,170,11.34,12.82,38,8.55,27.92,1.2,1.55,6.21,44.23,17,0.49,3
Nov-2022,170,14.11,25.52,17,1.49,10.99,0.31,1.64,0.57,5.52,9,0.7,8
Dec-2022,170,0.04,13.54,2,0.19,0.87,0.02,0.03,0.34,2.83,10,0.66,0
Jan-2022,171,6.14,2.46,22,3.75,14.43,0.87,1.42,3.83,28.06,8,2.14,1
Feb-2022,171,31.27,12.73,148,16.75,108.59,3.14,14.71,11.44,84.31,263,19.75,25
Mar-2022,171,21.77,13.16,59,5.7,43.35,0.89,4.35,3.42,26.77,198,17.18,17
Apr-2022,171,26.36,6.03,157,11.07,103.61,1.4,11.04,7.48,61.62,133,12.39,35
May-2022,171,29.83,34.39,90,17.46,120.51,2.35,12.5,5.85,39.38,70,3.49,13
Jun-2022,171,2.11,4.66,4,2.31,6.0,0.25,0.79,1.76,11.6,6,0.74,1
Jul-2022,171,20.78,2.66,28,7.06,29.03,1.02,2.59,3.48,24.59,24,2.42,12
Aug-2022,171,10.73,1.95,82,17.11,135.22,3.04,15.05,13.34,105.21,116,7.79,31
Sep-2022,171,24.59,16.84,54,18.31,106.89,4.41,20.36,8.71,63.95,76,6.15,29
Oct-2022,171,56.65,16.0,202,23.83,172.72,3.87,22.14,14.82,111.09,167,15.19,44
Nov-2022,171,29.88,24.27,63,18.52,106.33,3.09,10.68,12.45,98.94,44,3.5,6
Dec-2022,171,13.88,19.18,57,12.06,57.88,1.35,3.5,10.85,85.32,63,6.41,10
Jan-2022,172,19.05,13.91,42,8.67,49.7,1.85,8.72,2.39,22.62,18,2.11,15
Feb-2022,172,20.0,5.48,21,7.71,20.22,0.89,0.9,6.26,43.56,0,0.04,13
Mar-2022,172,7.58,4.4,57,4.35,32.49,0.86,4.38,3.55,27.3,19,1.64,13
Apr-2022,172,13.33,24.51,55,6.65,39.02,1.02,4.17,2.58,23.23,188,16.41,16
May-2022,172,12.98,12.4,92,6.91,52.04,0.93,6.09,4.63,38.32,29,0.87,14
Jun-2022,172,22.19,12.28,28,1.72,8.66,0.17,1.3,1.28,8.07,23,2.21,4
Jul-2022,172,44.98,4.81,124,10.2,59.91,2.26,10.58,4.11,27.17,95,11.67,14
Aug-2022,172,24.44,30.43,100,22.72,130.23,3.42,13.16,10.95,90.43,99,7.8,16
Sep-2022,172,4.93,23.06,94,20.84,120.4,4.26,16.49,6.74,54.85,151,12.57,24
Oct-2022,172,29.08,6.48,36,2.64,25.76,0.32,2.76,1.24,9.37,10,1.39,8
Nov-2022,172,13.8,11.39,62,4.94,46.59,0.63,4.4,6.25,57.94,28,1.57,19
Dec-2022,172,10.78,23.31,4,0.29,2.12,0.04,0.53,1.26,8.63,4,0.33,1
Jan-2022,173,21.43,0.1,79,15.62,97.57,2.66,14.01,8.48,60.56,155,12.33,22
Feb-2022,173,24.32,16.08,63,7.21,33.52,1.45,4.44,2.63,20.05,69,3.52,19
Mar-2022,173,5.66,2.99,45,7.4,33.51,1.96,6.61,3.21,21.79,39,2.35,5
Apr-2022,173,29.04,8.81,81,17.21,99.25,3.87,18.02,6.17,51.87,79,8.61,20
May-2022,173,6.95,2.29,45,3.28,28.24,0.48,3.5,2.12,13.78,112,10.42,17
Jun-2022,173,0.97,5.66,8,0.96,5.1,0.09,0.17,1.27,8.46,93,6.06,1
Jul-2022,173,29.93,24.18,119,19.28,84.23,3.56,9.16,8.53,58.6,46,4.53,28
Aug-2022,173,3.01,1.49,61,1.43,22.93,0.13,1.78,2.81,23.59,100,8.43,7
Sep-2022,173,47.21,11.98,90,12.0,80.67,2.2,12.37,6.05,56.21,83,4.38,25
Oct-2022,173,17.07,15.0,75,2.3,30.96,0.44,3.57,1.94,18.56,12,0.45,17
Nov-2022,173,22.2,26.16,80,13.21,75.16,2.11,9.93,5.41,39.37,107,5.05,17
Dec-2022,173,8.8,25.39,18,5.78,35.61,0.88,4.92,2.35,15.41,144,10.4,8
Jan-2022,174,12.52,13.67,9,5.69,22.62,1.03,2.62,2.97,26.94,11,0.5,2
Feb-2022,174,19.25,14.13,21,2.04,9.36,0.26,0.91,0.83,4.73,99,7.34,8
Mar-2022,174,6.56,3.53,32,5.76,23.82,0.72,1.83,5.91,51.75,29,3.46,3
Apr-2022,174,5.78,4.37,60,9.88,48.08,1.12,3.46,11.31,86.47,66,3.46,9
May-2022,174,2.82,1.55,29,2.53,10.09,0.49,1.85,1.01,6.82,23,3.04,11
Jun-2022,174,17.57,4.21,12,3.03,14.48,0.7,2.1,0.86,8.34,27,5.5,1
Jul-2022,174,33.06,0.28,77,12.54,79.37,2.14,8.62,10.69,87.44,72,8.48,12
Aug-2022,174,3.91,5.34,67,4.92,46.67,0.67,5.76,3.52,25.56,49,2.9,6
Sep-2022,174,35.7,3.73,116,9.11,74.54,1.95,12.54,3.18,32.21,59,5.87,21
Oct-2022,174,34.43,19.15,33,9.6,51.45,2.51,9.64,4.01,38.2,8,1.04,8
Nov-2022,174,0.51,28.24,29,5.88,31.98,0.82,3.41,3.87,25.58,135,7.57,8
Dec-2022,174,7.15,5.66,26,6.71,30.87,0.8,1.71,2.07,19.86,44,3.28,10
Jan-2022,175,35.78,6.04,143,13.79,119.71,2.39,16.61,5.63,37.59,66,3.11,24
Feb-2022,175,23.04,1.43,53,10.32,53.63,1.75,8.54,5.16,40.42,111,6.9,7
Mar-2022,175,15.98,4.46,52,7.43,54.27,0.98,6.02,5.36,43.1,92,5.94,7
Apr-2022,175,23.46,13.03,55,9.44,85.65,1.51,11.21,9.03,78.47,63,7.67,15
May-2022,175,45.27,28.25,161,23.3,179.39,3.21,20.07,13.54,112.17,114,7.7,24
Jun-2022,175,19.04,2.72,31,3.77,28.65,0.72,4.03,1.08,11.54,26,4.01,6
Jul-2022,175,26.6,15.42,152,24.7,167.47,3.57,17.54,20.05,138.82,116,9.94,25
Aug-2022,175,19.09,6.32,77,9.95,47.95,1.1,3.73,8.17,60.89,45,7.08,8
Sep-2022,175,1.74,5.36,68,16.54,77.22,3.13,8.89,4.83,35.49,29,0.84,22
Oct-2022,175,3.31,12.84,12,7.2,27.22,2.04,5.94,2.39,15.76,67,4.16,5
Nov-2022,175,18.29,18.81,136,22.27,120.68,2.79,10.52,10.96,86.41,108,10.17,10
Dec-2022,175,0.59,15.33,7,5.78,27.91,0.76,2.19,2.12,21.42,18,0.92,3
Jan-2022,176,4.1,2.29,74,6.57,57.92,1.65,11.5,2.0,16.73,136,11.49,20
Feb-2022,176,0.93,10.16,16,6.65,26.46,1.22,2.17,1.89,14.46,49,0.92,3
Mar-2022,176,5.75,5.87,71,3.82,45.23,0.61,4.64,2.84,27.55,36,1.4,13
Apr-2022,176,7.12,1.56,17,3.22,28.13,0.44,3.83,2.58,22.83,21,3.83,9
May-2022,176,4.88,25.6,35,1.97,21.92,0.22,2.43,0.85,5.8,41,5.51,7
Jun-2022,176,32.01,24.43,58,13.65,62.69,2.17,7.37,6.58,42.09,95,6.8,22
Jul-2022,176,35.39,9.13,63,8.83,46.24,1.7,5.64,3.79,28.9,125,7.67,14
Aug-2022,176,16.97,5.02,34,2.25,14.13,0.34,1.77,1.34,10.06,42,6.43,10
Sep-2022,176,7.36,1.69,25,8.28,41.86,1.48,4.77,5.07,40.07,76,10.92,6
Oct-2022,176,5.54,0.31,2,0.94,5.56,0.14,0.92,0.54,5.53,18,4.03,1
Nov-2022,176,13.34,11.41,42,7.0,42.37,0.81,4.5,8.1,64.03,89,4.08,18
Dec-2022,176,1.1,4.45,17,0.18,11.17,0.11,3.63,0.11,1.1,5,0.54,4
Jan-2022,177,16.66,6.18,83,6.38,77.04,1.02,10.7,3.46,29.22,44,5.03,26
Feb-2022,177,7.72,11.32,36,5.98,34.11,0.87,3.15,6.11,48.13,261,15.66,8
Mar-2022,177,13.15,1.07,74,6.32,43.25,1.5,7.01,3.72,28.16,94,7.04,26
Apr-2022,177,18.7,3.65,37,5.62,39.93,1.6,6.53,2.98,23.4,106,8.31,24
May-2022,177,14.72,8.18,27,6.61,55.87,0.75,6.22,5.03,35.02,38,4.08,7
Jun-2022,177,15.4,5.13,41,7.94,37.61,1.18,2.04,2.09,18.16,70,5.6,13
Jul-2022,177,22.52,14.93,57,11.98,59.45,2.32,8.04,5.83,43.14,196,13.51,13
Aug-2022,177,16.5,15.27,83,9.98,72.87,1.72,9.59,8.13,56.22,52,2.58,8
Sep-2022,177,11.54,5.58,106,8.7,60.01,1.85,8.4,3.32,25.17,97,3.58,18
Oct-2022,177,20.5,28.09,174,25.08,170.15,4.02,19.76,15.53,117.5,137,15.45,33
Nov-2022,177,57.39,4.34,105,11.05,121.96,2.3,16.96,8.74,71.57,104,5.09,36
Dec-2022,177,11.46,9.15,52,7.82,43.35,1.66,7.86,1.74,16.88,92,5.24,26
Jan-2022,178,43.08,1.36,42,10.48,49.97,2.42,8.29,2.89,20.41,112,11.14,30
Feb-2022,178,6.73,12.69,24,2.72,23.09,0.46,3.33,1.37,9.46,24,1.38,9
Mar-2022,178,12.63,20.22,27,7.54,38.64,0.91,3.3,3.18,31.36,26,3.0,6
Apr-2022,178,12.95,5.84,59,11.87,65.38,2.29,8.63,3.11,22.93,22,0.77,5
May-2022,178,8.2,6.59,40,3.16,13.29,0.48,1.33,0.97,5.23,46,2.07,4
Jun-2022,178,15.54,9.18,59,11.12,83.73,2.09,13.15,10.27,84.09,115,8.96,13
Jul-2022,178,14.47,14.13,7,1.58,9.77,0.43,1.57,1.55,14.93,10,0.39,3
Aug-2022,178,11.94,8.46,45,5.38,50.36,0.84,6.4,1.53,10.03,43,2.86,11
Sep-2022,178,16.12,12.23,111,12.49,85.5,1.68,7.38,7.62,61.3,103,7.71,12
Oct-2022,178,36.44,7.64,118,14.01,95.42,3.23,16.85,9.13,75.51,173,12.02,24
Nov-2022,178,20.44,10.71,68,3.84,37.56,0.57,4.36,2.53,24.5,138,10.7,25
Dec-2022,178,10.91,13.97,30,3.1,12.91,0.46,1.05,2.21,21.34,17,0.86,12
Jan-2022,179,9.44,18.81,26,1.78,17.73,0.84,3.12,0.4,4.62,70,9.55,9
Feb-2022,179,11.76,4.1,9,2.23,11.47,0.37,1.87,0.96,6.99,15,1.03,3
Mar-2022,179,7.1,1.59,22,5.75,36.76,0.52,3.67,4.06,30.75,21,3.44,4
Apr-2022,179,6.47,31.89,65,22.8,101.95,3.32,9.89,12.78,91.67,32,4.98,16
May-2022,179,4.7,2.63,9,0.89,4.57,0.12,0.6,0.8,2.93,27,2.23,11
Jun-2022,179,20.82,1.22,46,4.5,47.32,0.79,7.2,5.05,43.22,62,5.98,11
Jul-2022,179,25.86,11.99,93,13.66,109.97,2.04,14.53,9.21,68.41,166,12.44,25
Aug-2022,179,22.83,6.6,23,5.28,19.14,1.0,3.6,1.39,6.7,20,1.47,6
Sep-2022,179,0.98,2.95,8,1.35,4.4,0.08,0.19,0.57,5.29,1,0.15,2
Oct-2022,179,18.12,26.91,138,20.99,144.02,3.07,14.56,9.64,71.38,130,5.91,21
Nov-2022,179,12.62,20.98,71,13.17,82.25,1.87,9.03,5.47,42.71,90,5.07,14
Dec-2022,179,50.9,42.66,185,37.74,208.69,5.29,21.67,19.79,148.57,98,6.89,22
Jan-2022,180,6.69,4.54,25,8.3,27.45,1.43,4.29,7.36,55.58,39,6.62,1
Feb-2022,180,26.07,1.05,84,11.04,49.14,1.7,3.69,6.53,47.55,60,2.71,10
Mar-2022,180,21.54,12.61,25,8.42,29.09,1.75,3.68,4.09,28.93,28,3.83,2
Apr-2022,180,6.22,23.17,5,1.22,7.96,0.21,1.32,1.19,11.61,7,0.75,1
May-2022,180,6.1,3.12,34,3.43,12.23,0.89,1.95,3.93,27.17,56,5.47,4
Jun-2022,180,2.15,8.92,9,2.97,10.67,0.93,2.21,1.46,7.81,53,6.59,6
Jul-2022,180,35.04,19.35,120,15.74,77.73,2.13,7.0,14.76,109.92,127,10.92,34
Aug-2022,180,1.27,11.99,3,0.13,1.43,0.01,0.04,1.23,12.55,50,2.08,3
Sep-2022,180,1.96,16.81,76,10.38,62.31,1.27,7.24,7.08,47.33,39,2.86,10
Oct-2022,180,12.89,6.08,23,3.69,16.24,0.77,2.0,1.63,11.71,164,18.06,7
Nov-2022,180,17.64,8.34,40,2.59,25.47,0.34,2.6,1.5,10.92,131,11.42,13
Dec-2022,180,21.13,11.85,19,8.05,40.85,1.46,6.4,3.25,25.55,46,3.49,6
Jan-2022,181,12.84,2.46,19,2.27,19.99,0.84,4.64,0.53,5.29,89,5.14,9
Feb-2022,181,4.17,14.33,79,7.4,45.17,1.68,6.93,4.97,40.56,56,3.34,25
Mar-2022,181,8.63,4.74,118,13.65,75.6,2.5,10.39,10.94,83.14,172,9.94,17
Apr-2022,181,9.07,19.1,28,1.99,20.52,0.4,2.46,1.23,11.22,57,6.49,6
May-2022,181,9.19,23.02,37,10.93,57.44,1.4,6.91,10.07,81.54,152,15.38,17
Jun-2022,181,4.74,4.05,22,2.55,16.19,0.35,2.09,1.39,7.54,68,5.3,13
Jul-2022,181,1.85,9.73,4,0.17,1.58,0.02,0.2,0.23,1.88,34,4.95,1
Aug-2022,181,7.23,3.36,73,4.08,29.98,0.66,2.65,2.06,17.13,44,3.42,11
Sep-2022,181,34.7,21.07,117,17.32,110.65,3.07,13.4,9.21,71.19,180,13.19,24
Oct-2022,181,14.32,2.63,25,7.56,31.6,1.94,5.18,2.09,13.87,139,13.27,6
Nov-2022,181,37.61,3.44,53,9.15,47.99,1.63,7.47,6.58,42.05,5,0.38,9
Dec-2022,181,50.66,17.8,171,9.63,107.92,1.2,11.43,7.12,56.29,220,15.21,31
Jan-2022,182,5.41,2.77,7,5.09,18.57,1.19,2.84,2.07,15.17,7,0.62,6
Feb-2022,182,20.19,13.54,86,5.31,37.03,0.76,3.21,7.71,62.54,95,5.79,22
Mar-2022,182,5.49,2.43,63,11.72,69.89,1.34,5.28,5.18,45.08,111,8.88,3
Apr-2022,182,14.54,26.13,86,17.35,104.03,3.2,12.62,10.68,81.95,65,10.06,16
May-2022,182,2.9,11.39,4,5.38,23.85,0.88,3.8,6.11,41.12,17,1.41,1
Jun-2022,182,8.53,7.96,16,6.87,61.4,1.2,8.82,2.66,21.01,47,4.33,7
Jul-2022,182,12.68,4.37,20,5.4,33.57,0.95,4.04,4.15,31.05,9,0.86,7
Aug-2022,182,23.53,37.87,98,15.9,93.92,2.37,7.97,9.13,73.57,165,16.85,17
Sep-2022,182,24.17,32.53,73,15.96,78.58,2.26,7.08,10.57,83.07,134,13.04,26
Oct-2022,182,6.63,19.0,97,19.75,108.85,3.67,12.9,7.97,64.65,100,12.68,14
Nov-2022,182,6.0,16.58,32,9.37,40.59,0.98,2.27,3.36,24.63,87,3.15,6
Dec-2022,182,13.21,1.86,102,10.78,68.65,1.93,8.1,3.5,38.49,21,3.8,6
Jan-2022,183,20.97,3.43,135,25.75,121.38,4.43,17.55,17.2,126.49,89,6.94,12
Feb-2022,183,20.25,27.6,132,27.51,134.77,3.58,11.33,11.45,89.82,34,7.65,19
Mar-2022,183,14.86,26.49,76,22.02,117.09,3.89,14.94,13.26,98.64,141,8.36,17
Apr-2022,183,6.92,0.79,42,5.63,25.42,0.7,2.9,1.58,9.68,47,3.73,5
May-2022,183,12.04,8.3,117,14.6,89.51,1.97,10.07,13.51,100.95,107,10.64,20
Jun-2022,183,27.04,2.05,57,8.62,50.97,1.77,5.87,5.34,43.9,59,1.73,8
Jul-2022,183,26.17,10.03,30,7.35,60.03,1.08,8.5,8.29,63.82,112,11.08,23
Aug-2022,183,17.67,6.27,88,11.11,82.81,2.01,9.05,4.25,39.72,66,6.48,10
Sep-2022,183,16.34,4.77,46,7.52,59.6,1.29,6.74,5.54,41.68,66,2.34,13
Oct-2022,183,17.65,18.18,99,21.67,110.9,3.5,13.0,16.75,125.96,29,2.16,19
Nov-2022,183,47.72,37.61,151,28.26,184.29,4.45,22.89,13.44,105.18,184,12.66,38
Dec-2022,183,5.84,1.18,18,3.55,16.82,0.71,2.62,3.52,20.1,70,6.12,6
Jan-2022,184,30.78,18.09,105,14.97,103.07,2.08,10.48,7.81,64.25,117,7.04,14
Feb-2022,184,16.94,17.92,84,22.23,108.41,3.91,13.18,10.33,80.93,126,8.77,29
Mar-2022,184,11.54,3.21,13,2.86,8.24,0.2,0.56,3.55,16.49,87,2.26,3
Apr-2022,184,6.32,21.1,31,3.22,44.69,1.1,6.27,3.57,32.54,113,8.95,18
May-2022,184,15.37,11.5,38,6.65,69.69,1.05,9.67,6.47,50.12,73,5.37,20
Jun-2022,184,11.94,8.99,30,5.79,39.22,1.02,6.56,5.87,50.91,116,6.63,7
Jul-2022,184,12.36,12.89,40,12.74,49.21,2.18,6.39,2.79,22.35,75,8.59,11
Aug-2022,184,8.32,7.94,55,5.67,29.82,1.02,3.49,2.89,22.48,57,5.66,6
Sep-2022,184,22.4,26.14,34,4.69,36.7,0.81,5.56,2.78,28.32,64,4.26,15
Oct-2022,184,29.03,32.29,134,23.72,160.18,4.26,19.46,12.81,111.89,61,5.84,25
Nov-2022,184,25.42,0.76,56,8.19,69.98,1.29,7.85,6.06,51.46,145,10.14,22
Dec-2022,184,11.72,26.92,52,10.91,69.34,1.33,6.31,8.98,72.61,91,9.99,15
Jan-2022,185,19.02,4.09,25,5.71,36.52,0.89,5.25,3.05,20.39,66,10.38,13
Feb-2022,185,11.0,32.21,70,16.57,109.64,2.12,11.64,9.76,77.04,120,6.63,26
Mar-2022,185,0.67,8.19,1,0.24,4.24,0.04,0.57,0.13,1.21,27,1.84,2
Apr-2022,185,22.67,15.83,39,11.48,83.51,1.93,11.4,3.6,31.58,52,5.34,17
May-2022,185,7.91,27.84,1,1.35,7.16,0.73,2.45,0.2,3.12,36,1.37,8
Jun-2022,185,41.31,19.01,110,19.08,107.72,3.3,14.56,13.36,104.78,150,9.74,30
Jul-2022,185,15.17,17.19,15,3.47,19.12,1.01,3.68,0.31,2.02,71,3.9,15
Aug-2022,185,16.97,15.4,27,4.36,30.82,0.54,3.15,4.11,28.39,179,12.93,20
Sep-2022,185,18.79,3.46,30,5.88,19.77,1.13,3.02,1.36,8.9,56,4.53,4
Oct-2022,185,9.72,10.76,11,3.26,14.96,0.31,2.35,2.79,19.01,91,3.64,5
Nov-2022,185,25.12,11.53,56,12.24,56.31,2.78,9.19,6.37,47.87,75,7.95,8
Dec-2022,185,16.13,18.46,9,1.9,16.41,0.5,3.45,1.99,12.84,35,3.25,3
Jan-2022,186,13.98,20.99,44,1.07,21.1,0.1,1.08,1.41,14.13,32,2.54,14
Feb-2022,186,7.33,16.74,38,10.22,65.13,1.74,7.51,5.34,41.3,49,6.79,16
Mar-2022,186,17.3,7.12,33,3.1,16.84,0.5,1.38,1.33,10.62,17,1.73,2
Apr-2022,186,25.73,34.99,130,15.17,122.48,1.65,11.66,9.04,69.15,168,14.17,25
May-2022,186,8.07,4.38,25,8.25,47.42,0.86,3.87,4.06,33.71,39,3.78,5
Jun-2022,186,7.25,25.1,26,6.9,47.89,1.34,5.57,2.95,30.71,128,14.07,12
Jul-2022,186,1.95,10.27,40,4.87,47.25,1.05,6.3,2.06,18.78,72,10.48,9
Aug-2022,186,21.99,15.31,44,7.84,67.33,1.23,6.15,5.39,46.21,41,1.55,14
Sep-2022,186,36.55,7.88,20,2.98,14.63,0.51,2.18,1.66,15.95,63,8.23,10
Oct-2022,186,7.31,16.35,16,12.51,57.84,2.07,6.86,5.86,44.59,13,2.17,13
Nov-2022,186,39.04,17.63,12,6.02,27.48,1.36,3.38,3.81,26.12,37,3.81,25
Dec-2022,186,3.32,16.8,25,1.23,10.75,0.49,2.24,0.43,3.88,7,0.04,3
Jan-2022,187,6.65,15.16,16,3.57,19.06,0.62,2.44,0.62,4.78,42,7.61,14
Feb-2022,187,0.07,4.38,15,2.51,10.01,0.4,1.14,2.05,18.46,18,1.25,1
Mar-2022,187,6.34,5.5,55,9.42,44.49,1.71,4.83,4.95,36.05,90,5.17,12
Apr-2022,187,18.9,9.62,51,4.85,34.04,0.43,1.74,3.44,30.39,4,0.63,5
May-2022,187,27.86,11.79,98,8.8,95.42,1.54,10.16,3.29,28.55,91,5.58,20
Jun-2022,187,5.73,16.53,26,3.47,36.36,0.68,5.41,1.8,15.68,17,1.73,8
Jul-2022,187,1.47,4.59,22,1.67,13.5,0.41,2.42,0.64,3.64,24,2.63,8
Aug-2022,187,15.31,16.65,50,10.36,80.1,2.14,12.58,7.82,61.82,191,9.18,23
Sep-2022,187,32.17,41.79,107,25.9,145.56,3.2,11.84,16.14,122.82,181,15.39,30
Oct-2022,187,9.02,21.07,19,6.94,46.84,1.42,6.91,3.42,24.01,64,5.5,15
Nov-2022,187,4.05,3.72,12,3.76,22.84,0.35,1.4,2.37,17.51,20,1.22,1
Dec-2022,187,15.52,11.56,36,6.16,46.34,0.85,7.5,8.98,78.62,120,5.1,22
Jan-2022,188,5.78,32.21,16,5.14,27.12,0.79,2.18,1.57,11.49,112,6.44,3
Feb-2022,188,8.43,11.76,43,15.8,77.28,2.52,8.09,9.98,76.0,170,16.07,12
Mar-2022,188,3.82,4.97,26,1.67,8.28,0.31,0.86,0.94,5.13,140,13.15,13
Apr-2022,188,3.11,1.55,20,4.12,30.5,0.37,2.03,4.2,30.53,19,1.45,4
May-2022,188,4.22,5.22,6,1.2,7.93,0.18,0.67,1.25,12.88,16,1.46,6
Jun-2022,188,16.18,17.85,121,16.29,85.52,2.56,9.68,10.1,74.17,153,12.91,12
Jul-2022,188,1.22,29.14,30,3.89,21.55,0.99,5.02,2.93,22.61,5,0.06,6
Aug-2022,188,0.84,17.12,9,0.33,2.88,0.02,0.09,0.58,4.24,64,6.03,0
Sep-2022,188,8.88,16.2,6,2.05,7.64,0.51,1.77,2.7,17.73,27,2.4,4
Oct-2022,188,20.02,19.65,31,5.68,26.99,1.15,3.99,4.6,31.86,87,2.96,8
Nov-2022,188,6.85,2.69,13,2.56,11.0,0.64,1.88,0.47,3.79,37,6.54,4
Dec-2022,188,12.94,10.25,48,10.67,52.9,2.36,8.98,9.47,70.02,114,7.75,20
Jan-2022,189,14.42,6.37,189,22.03,120.55,3.18,12.58,13.21,96.7,117,5.64,19
Feb-2022,189,18.81,3.66,69,10.59,69.12,2.3,9.8,7.34,50.73,96,6.9,23
Mar-2022,189,11.33,36.49,159,23.02,137.27,3.1,12.69,10.65,86.48,63,1.69,22
Apr-2022,189,35.76,9.92,54,4.93,49.0,1.73,9.79,5.42,34.58,168,12.67,17
May-2022,189,6.99,2.25,21,3.71,34.04,0.68,6.14,5.58,38.05,38,4.99,11
Jun-2022,189,5.32,1.11,29,5.15,24.14,0.94,3.92,3.27,22.66,48,2.34,7
Jul-2022,189,21.81,4.75,9,8.77,65.84,1.99,12.87,3.14,27.6,108,10.66,3
Aug-2022,189,1.5,9.1,2,0.56,1.65,0.03,0.07,0.45,1.48,10,0.57,0
Sep-2022,189,15.79,10.75,42,8.58,43.68,1.62,5.69,4.33,31.36,37,4.04,5
Oct-2022,189,0.93,2.62,68,8.42,76.99,1.02,8.11,6.8,47.81,47,1.89,4
Nov-2022,189,14.29,26.08,73,13.16,83.0,1.81,9.46,9.55,78.23,118,11.82,28
Dec-2022,189,9.83,12.11,76,10.19,50.34,1.21,3.3,7.36,60.15,214,14.77,10
Jan-2022,190,28.76,42.65,251,26.34,166.04,3.73,16.16,12.48,104.65,254,21.54,31
Feb-2022,190,12.64,10.62,48,4.08,26.95,0.63,3.09,3.73,25.07,164,14.88,8
Mar-2022,190,9.74,5.32,1,0.38,2.54,0.07,0.38,0.87,4.77,42,5.14,5
Apr-2022,190,9.87,4.15,92,10.14,54.52,1.09,4.12,10.9,72.26,40,4.12,13
May-2022,190,14.63,0.65,33,10.17,55.53,1.66,6.65,5.24,38.8,77,6.21,27
Jun-2022,190,15.08,20.5,56,15.76,99.48,2.53,10.68,12.11,95.9,185,12.41,15
Jul-2022,190,1.27,30.42,44,10.93,34.94,1.5,1.56,5.47,36.02,58,4.73,5
Aug-2022,190,19.25,10.73,95,17.56,106.77,3.52,14.72,10.05,77.1,117,12.21,15
Sep-2022,190,35.3,8.01,52,9.66,52.64,1.9,9.08,3.72,28.24,216,18.87,20
Oct-2022,190,5.49,10.16,87,13.92,78.34,1.91,6.11,9.04,71.73,195,16.38,28
Nov-2022,190,5.33,20.05,62,9.86,94.91,1.33,10.0,6.57,56.04,77,3.69,21
Dec-2022,190,27.79,10.58,157,24.76,172.77,3.25,16.43,13.85,95.61,105,8.15,42
Jan-2022,191,14.02,12.16,152,9.18,80.29,0.63,6.43,5.86,42.35,82,6.35,27
Feb-2022,191,10.28,3.53,71,8.26,53.5,1.18,5.69,6.03,43.92,83,7.55,15
Mar-2022,191,29.61,5.74,15,2.17,15.22,0.4,2.86,1.52,10.66,36,3.21,14
Apr-2022,191,29.1,0.15,89,5.82,33.36,1.41,5.36,2.9,27.96,102,7.33,21
May-2022,191,1.95,17.65,6,9.51,34.33,1.63,2.9,8.41,62.98,48,3.25,5
Jun-2022,191,24.38,11.57,46,4.46,28.89,0.95,5.47,3.81,29.2,106,5.37,12
Jul-2022,191,24.33,23.16,96,17.93,124.52,3.07,14.37,7.27,50.73,167,12.1,32
Aug-2022,191,9.84,20.05,134,18.95,72.25,3.11,6.88,7.91,63.48,84,6.91,12
Sep-2022,191,8.66,17.52,73,5.79,19.76,1.01,1.36,4.99,37.23,144,10.58,12
Oct-2022,191,6.09,7.05,16,6.92,58.35,1.83,11.61,6.4,54.29,12,0.78,7
Nov-2022,191,22.3,49.29,138,26.41,128.17,4.11,16.89,10.81,82.39,107,8.87,20
Dec-2022,191,14.56,16.44,71,9.91,73.29,1.67,8.05,5.55,59.89,105,9.36,25
Jan-2022,192,9.99,17.04,41,9.56,35.45,1.2,2.78,5.97,40.83,59,6.34,5
Feb-2022,192,31.11,11.26,9,2.32,10.25,0.47,2.25,0.81,7.81,12,0.48,11
Mar-2022,192,23.25,19.15,90,15.62,73.3,2.72,7.37,5.81,54.16,62,4.35,15
Apr-2022,192,13.85,25.91,131,22.18,105.94,3.81,11.96,16.46,132.65,157,12.55,20
May-2022,192,12.05,27.24,66,21.05,99.63,4.12,14.54,9.39,76.46,134,9.33,16
Jun-2022,192,26.33,1.81,52,8.23,28.59,1.72,4.02,7.08,55.65,165,11.93,16
Jul-2022,192,25.15,14.11,50,11.71,91.53,1.66,11.61,10.15,77.72,192,11.72,14
Aug-2022,192,28.64,3.31,25,1.22,13.69,0.15,1.61,1.97,16.93,128,9.2,5
Sep-2022,192,27.65,10.71,95,17.03,114.67,3.46,17.18,14.58,112.17,320,24.05,36
Oct-2022,192,11.14,16.67,36,6.31,41.81,0.97,6.55,1.49,12.24,26,0.5,3
Nov-2022,192,2.6,12.53,6,0.04,0.56,0.01,0.08,0.02,0.26,54,3.57,0
Dec-2022,192,25.7,8.99,130,14.56,101.54,2.37,11.24,8.71,74.46,174,14.84,19
Jan-2022,193,38.87,15.0,212,21.03,179.78,2.83,20.09,13.83,112.29,171,11.66,48
Feb-2022,193,32.85,23.76,102,22.7,123.79,4.39,17.13,8.8,68.56,215,13.22,35
Mar-2022,193,2.53,0.64,46,1.38,18.64,0.14,1.34,1.55,10.54,71,5.44,9
Apr-2022,193,9.32,1.06,55,6.16,38.75,1.45,7.3,4.15,31.64,11,0.81,5
May-2022,193,8.3,7.08,7,3.81,10.59,0.84,2.07,3.43,24.67,85,5.96,1
Jun-2022,193,20.24,16.95,99,21.86,154.53,3.55,19.27,15.14,116.88,288,15.52,36
Jul-2022,193,35.77,9.5,11,4.48,18.55,0.72,2.17,4.69,33.81,9,1.31,1
Aug-2022,193,6.93,46.29,156,22.36,119.85,3.49,11.53,9.94,84.85,118,6.13,23
Sep-2022,193,41.69,10.8,115,20.84,166.84,3.29,20.43,12.43,107.38,180,9.57,34
Oct-2022,193,3.63,14.31,3,0.41,4.71,0.05,0.92,0.16,0.75,61,4.41,6
Nov-2022,193,7.86,5.34,32,2.22,19.81,0.13,1.55,1.32,11.35,56,4.29,4
Dec-2022,193,12.36,11.07,32,11.3,53.74,1.69,4.91,4.36,31.69,69,9.7,9
Jan-2022,194,5.02,1.29,13,1.68,6.86,0.2,0.56,0.77,5.52,37,4.13,1
Feb-2022,194,3.87,6.47,2,2.1,6.67,0.36,1.22,1.94,13.78,14,3.89,3
Mar-2022,194,28.33,14.71,35,12.83,44.75,2.29,4.2,6.9,51.36,121,12.35,15
Apr-2022,194,1.41,0.86,29,3.36,12.38,0.76,1.01,2.69,19.85,30,2.79,3
May-2022,194,3.64,0.97,43,3.49,35.14,0.53,5.03,3.86,31.81,10,0.71,2
Jun-2022,194,23.92,15.61,4,1.93,11.32,0.54,3.06,0.69,6.08,55,8.7,6
Jul-2022,194,23.77,23.39,35,12.81,82.97,1.56,8.32,6.45,54.23,122,6.95,6
Aug-2022,194,49.26,6.33,69,8.57,57.27,1.58,9.47,8.17,66.27,86,5.17,29
Sep-2022,194,15.0,17.91,32,6.26,21.88,1.05,2.15,1.79,16.61,59,3.19,7
Oct-2022,194,6.93,2.77,15,0.93,3.95,0.09,0.42,1.38,9.27,50,6.28,6
Nov-2022,194,15.58,1.33,34,7.68,58.3,1.89,10.67,6.13,48.1,83,6.06,18
Dec-2022,194,0.3,13.33,6,0.69,1.82,0.18,0.44,1.72,11.13,37,2.26,0
Jan-2022,195,17.37,8.78,26,2.19,14.43,0.5,2.74,1.58,15.04,35,2.06,1
Feb-2022,195,22.95,35.91,33,12.61,69.9,2.46,9.42,7.47,54.54,88,12.96,9
Mar-2022,195,20.04,7.49,19,3.48,24.89,0.7,4.52,1.44,8.76,73,5.51,7
Apr-2022,195,1.43,20.69,49,1.58,13.64,0.39,2.24,1.42,16.0,30,2.94,6
May-2022,195,33.71,2.87,35,17.05,64.22,2.7,8.59,13.17,89.59,94,11.35,13
Jun-2022,195,52.86,17.98,110,22.05,150.21,3.55,20.52,17.24,132.7,142,11.37,17
Jul-2022,195,32.53,22.74,117,24.62,148.63,4.45,18.84,11.94,97.26,87,7.55,23
Aug-2022,195,3.18,12.52,52,7.1,42.38,1.19,4.13,5.37,40.6,57,5.06,28
Sep-2022,195,6.92,17.37,50,6.37,34.31,1.07,4.04,2.8,18.69,126,10.75,21
Oct-2022,195,5.85,1.96,44,8.74,70.16,1.67,8.25,4.33,40.5,56,5.68,3
Nov-2022,195,3.86,11.84,9,1.07,16.79,0.1,2.0,1.25,11.36,31,2.91,10
Dec-2022,195,0.25,5.42,36,5.63,50.72,0.45,4.75,6.1,56.95,18,1.19,9
Jan-2022,196,28.77,11.23,59,10.71,59.36,1.59,5.76,9.74,79.11,134,13.56,10
Feb-2022,196,2.56,26.3,16,2.33,9.29,0.54,1.57,0.85,6.86,2,0.28,0
Mar-2022,196,0.92,17.66,16,5.41,41.85,0.84,4.79,2.66,24.08,50,5.1,0
Apr-2022,196,28.76,11.29,113,18.18,120.57,2.9,14.18,6.51,53.08,82,7.78,28
May-2022,196,6.41,11.28,18,3.99,7.78,0.7,0.6,1.76,11.6,35,4.15,2
Jun-2022,196,2.52,34.44,156,13.38,107.65,1.23,7.96,11.54,90.38,138,8.42,27
Jul-2022,196,30.07,12.28,21,3.21,24.7,1.4,8.92,0.9,5.41,74,8.43,11
Aug-2022,196,22.9,21.32,119,19.01,98.95,2.75,11.99,11.8,91.41,67,5.53,17
Sep-2022,196,12.13,5.75,73,11.96,80.4,1.71,8.21,4.76,43.0,5,0.38,14
Oct-2022,196,24.48,20.5,88,19.09,100.42,4.19,14.05,7.92,59.43,141,17.41,21
Nov-2022,196,3.44,8.76,19,3.18,7.4,0.71,1.53,0.97,8.69,7,0.56,6
Dec-2022,196,18.27,5.6,121,12.28,57.57,2.19,5.5,5.34,42.81,62,3.72,23
Jan-2022,197,2.13,12.18,0,0.2,1.33,0.06,0.28,0.2,1.69,2,0.42,0
Feb-2022,197,6.16,0.0,40,1.97,30.8,0.25,4.34,2.69,23.1,82,2.17,13
Mar-2022,197,1.88,9.86,34,9.58,54.17,2.18,10.12,2.5,20.42,57,4.45,3
Apr-2022,197,1.25,9.79,7,1.53,5.37,0.5,0.93,0.4,3.9,21,2.54,0
May-2022,197,56.79,17.47,79,22.52,120.97,4.6,18.9,10.34,87.66,110,11.6,25
Jun-2022,197,9.95,11.96,35,5.64,39.72,1.09,6.49,2.82,27.99,67,5.29,5
Jul-2022,197,12.37,9.58,49,4.77,45.93,0.66,6.04,4.67,39.51,68,5.95,16
Aug-2022,197,25.66,22.14,93,12.09,60.4,2.52,8.52,5.98,47.2,112,9.48,20
Sep-2022,197,23.47,28.62,63,14.58,83.3,2.58,11.54,6.81,57.46,74,8.31,10
Oct-2022,197,29.87,2.24,79,5.36,46.07,1.12,7.0,5.12,37.22,66,4.57,9
Nov-2022,197,2.17,49.12,79,18.4,76.19,2.43,7.67,10.15,82.83,143,13.39,10
Dec-2022,197,10.36,3.68,6,1.86,10.63,0.27,1.27,0.69,8.79,18,1.06,4
Jan-2022,198,0.65,5.43,3,0.1,1.11,0.03,0.31,0.02,0.16,2,0.53,0
Feb-2022,198,1.88,22.95,5,2.76,12.14,0.24,0.63,1.72,13.77,8,1.05,1
Mar-2022,198,0.77,25.53,23,5.88,34.66,0.6,2.89,2.69,22.62,138,11.78,3
Apr-2022,198,8.58,0.91,12,2.28,14.48,0.23,1.08,2.07,13.53,54,3.19,3
May-2022,198,13.38,7.72,80,4.2,65.19,0.57,7.37,5.75,49.88,52,4.93,8
Jun-2022,198,5.79,5.98,35,1.64,13.9,0.18,0.7,4.18,34.62,58,4.44,4
Jul-2022,198,15.63,5.01,103,8.29,82.0,1.16,8.73,5.94,52.84,103,7.79,21
Aug-2022,198,18.83,4.47,36,4.47,23.32,0.3,0.82,2.92,24.35,14,2.35,3
Sep-2022,198,19.82,11.89,27,1.75,10.29,0.57,2.3,1.92,12.89,47,4.14,4
Oct-2022,198,13.76,12.8,75,10.48,76.28,1.73,12.24,7.28,61.26,182,11.9,19
Nov-2022,198,21.78,5.33,41,4.41,30.82,0.38,2.29,4.03,33.22,106,4.13,6
Dec-2022,198,16.49,10.99,24,2.66,20.46,0.8,4.08,0.67,3.8,26,1.81,3
Jan-2022,199,34.42,36.43,41,20.08,92.58,3.75,13.9,8.42,61.01,208,18.27,24
Feb-2022,199,6.99,27.56,63,9.04,80.87,1.19,7.62,4.92,35.7,185,11.26,17
Mar-2022,199,24.95,2.31,27,5.01,31.14,1.07,5.11,2.49,19.33,33,2.01,15
Apr-2022,199,0.96,18.53,22,5.45,42.38,0.92,3.81,4.61,44.18,53,4.97,4
May-2022,199,8.16,10.5,23,5.42,31.26,0.64,3.0,3.02,18.45,80,7.58,10
Jun-2022,199,29.54,31.55,137,18.93,141.69,2.06,12.87,11.34,90.66,126,11.48,22
Jul-2022,199,31.65,15.93,59,3.59,33.44,0.66,7.15,3.44,19.7,19,0.83,14
Aug-2022,199,17.53,1.35,47,10.63,67.11,1.13,5.96,6.81,61.52,46,1.7,7
Sep-2022,199,15.83,12.96,77,12.39,69.67,2.26,9.71,6.32,52.72,165,18.62,18
Oct-2022,199,9.41,16.52,11,3.34,19.22,0.49,1.81,0.71,5.6,137,11.99,13
Nov-2022,199,2.41,0.04,12,2.75,7.59,0.58,1.42,1.44,12.18,14,1.6,1
Dec-2022,199,0.3,5.19,16,2.09,10.44,0.25,1.69,2.29,19.77,44,3.45,2
Jan-2022,200,21.03,23.35,125,10.15,65.03,1.9,8.53,5.08,39.09,98,6.19,11
Feb-2022,200,57.08,9.83,89,17.57,111.16,3.18,17.18,9.05,62.83,111,11.35,33
Mar-2022,200,10.88,19.69,41,16.98,62.54,3.14,8.58,6.39,51.54,87,6.11,12
Apr-2022,200,5.06,21.06,1,0.03,0.23,0.0,0.04,0.06,0.2,22,2.67,0
May-2022,200,38.44,19.66,92,19.02,116.55,3.79,16.76,9.05,77.77,153,9.61,33
Jun-2022,200,2.14,21.79,39,11.97,66.96,2.14,6.86,5.5,40.56,76,4.79,14
Jul-2022,200,16.17,15.03,73,19.03,113.16,3.29,14.92,13.79,105.23,103,8.1,19
Aug-2022,200,15.23,11.8,36,11.07,44.36,1.7,4.84,6.57,53.4,61,5.44,7
Sep-2022,200,24.33,26.03,201,23.01,134.34,2.74,11.94,16.64,128.7,110,8.78,25
Oct-2022,200,19.82,13.33,53,7.68,49.76,1.48,6.81,4.53,40.81,77,7.37,6
Nov-2022,200,53.38,14.89,104,23.11,137.01,4.25,18.24,11.38,97.01,54,6.19,12
Dec-2022,200,18.87,11.6,54,8.29,46.92,1.43,6.02,7.96,58.07,145,10.21,9
